,bis11_survey.Attentional,bis11_survey.Motor,bis11_survey.Nonplanning,bis11_survey.first_order_attention,bis11_survey.first_order_cognitive_complexity,bis11_survey.first_order_cognitive_stability,bis11_survey.first_order_motor,bis11_survey.first_order_perseverance,bis11_survey.first_order_self-control,bis_bas_survey.BAS_drive,bis_bas_survey.BAS_fun_seeking,bis_bas_survey.BAS_reward_responsiveness,bis_bas_survey.BIS,brief_self_control_survey.self_control,cognitive_reflection_survey.correct_proportion,cognitive_reflection_survey.intuitive_proportion,dickman_survey.dysfunctional,dickman_survey.functional,dospert_eb_survey.ethical,dospert_eb_survey.financial,dospert_eb_survey.health/safety,dospert_eb_survey.recreational,dospert_eb_survey.social,dospert_rp_survey.ethical,dospert_rp_survey.financial,dospert_rp_survey.health/safety,dospert_rp_survey.recreational,dospert_rp_survey.social,dospert_rt_survey.ethical,dospert_rt_survey.financial,dospert_rt_survey.health/safety,dospert_rt_survey.recreational,dospert_rt_survey.social,eating_survey.cognitive_restraint,eating_survey.emotional_eating,eating_survey.uncontrolled_eating,erq_survey.reappraisal,erq_survey.suppression,five_facet_mindfulness_survey.act_with_awareness,five_facet_mindfulness_survey.describe,five_facet_mindfulness_survey.nonjudge,five_facet_mindfulness_survey.nonreact,five_facet_mindfulness_survey.observe,future_time_perspective_survey.future_time_perspective,grit_scale_survey.grit,holt_laury_survey.number_of_switches,holt_laury_survey.risky_choices,holt_laury_survey.safe_choices,impulsive_venture_survey.impulsiveness,impulsive_venture_survey.venturesomeness,leisure_time_activity_survey.activity_level,mindful_attention_awareness_survey.mindfulness,mpq_control_survey.control,self_regulation_survey.control,sensation_seeking_survey.boredom_susceptibility,sensation_seeking_survey.disinhibition,sensation_seeking_survey.experience_seeking,sensation_seeking_survey.thrill_adventure_seeking,ten_item_personality_survey.agreeableness,ten_item_personality_survey.conscientiousness,ten_item_personality_survey.emotional_stability,ten_item_personality_survey.extraversion,ten_item_personality_survey.openness,time_perspective_survey.future,time_perspective_survey.past_negative,time_perspective_survey.past_positive,time_perspective_survey.present_fatalistic,time_perspective_survey.present_hedonistic,upps_impulsivity_survey.lack_of__premeditation,upps_impulsivity_survey.lack_of_perseverance,upps_impulsivity_survey.negative_urgency,upps_impulsivity_survey.positive_urgency,upps_impulsivity_survey.sensation_seeking
s002,-21.0,-24.0,-30.0,-15.0,-14.0,-6.0,-19.0,-5.0,-16.0,12.0,13.0,17.0,11.0,33.0,0.1666666667,-0.1666666667,-13.0,15.0,12.0,6.0,10.0,10.0,20.0,28.0,39.0,27.0,22.0,11.0,13.0,6.0,16.0,22.0,34.0,16.6666666667,-77.7777777778,-70.3703703704,5.8333333333,1.75,31.0,32.0,33.0,22.0,32.0,49.0,28.0,1.0,4.0,6.0,-27.0,22.0,4.0,4.0666666667,38.0,122.0,0.2,0.2,0.6000000000000001,0.1,6.0,4.0,6.0,5.0,6.5,2.75,2.8,4.6666666667,3.0,4.1333333333,23.0,15.0,36.0,46.0,37.0
s005,-13.0,-20.0,-20.0,-6.0,-9.0,-7.0,-14.0,-6.0,-11.0,12.0,13.0,19.0,16.0,41.0,0.8333333333,-0.1666666667,-12.0,19.0,12.0,16.0,6.0,12.0,21.0,33.0,37.0,36.0,37.0,24.0,10.0,9.0,16.0,9.0,28.0,27.7777777778,-0.0,-40.7407407407,4.8333333333,5.0,36.0,31.0,23.0,30.0,37.0,46.0,28.0,1.0,4.0,6.0,-20.0,21.0,4.0,5.0666666667,43.0,131.0,0.0,0.7000000000000001,0.7000000000000001,0.4,6.0,5.0,7.0,3.0,6.0,3.8333333333,3.1,3.3333333333,2.2222222222,3.2666666667,15.0,17.0,21.0,14.0,34.0
s006,-14.0,-30.0,-26.0,-9.0,-12.0,-5.0,-20.0,-10.0,-14.0,13.0,16.0,20.0,21.0,34.0,0.1666666667,-0.8333333333,-21.0,18.0,6.0,6.0,6.0,9.0,9.0,42.0,42.0,42.0,42.0,42.0,12.0,6.0,12.0,6.0,6.0,33.3333333333,-0.0,-0.0,4.3333333333,5.25,38.0,20.0,39.0,7.0,14.0,53.0,28.0,0.0,10.0,0.0,-29.0,23.0,5.0,3.8,44.0,111.5,0.6000000000000001,0.6000000000000001,0.7777777778,0.4,7.0,7.0,7.0,7.0,7.0,3.8333333333,4.1,4.1111111111,3.2222222222,4.1333333333,24.0,18.0,35.0,38.0,33.0
s007,-18.0,-22.0,-26.0,-9.0,-12.0,-9.0,-16.0,-6.0,-14.0,13.0,11.0,18.0,24.0,49.0,0.1666666667,-0.6666666667000001,-14.0,18.0,16.0,33.0,10.0,20.0,25.0,26.0,33.0,32.0,33.0,13.0,13.0,31.0,21.0,31.0,37.0,61.1111111111,-11.1111111111,-33.3333333333,5.3333333333,5.25,26.0,23.0,24.0,25.0,26.0,50.0,22.0,1.0,1.0,9.0,-22.0,23.0,2.0,3.8,43.0,110.5,0.6000000000000001,0.4,0.6000000000000001,1.0,4.5,6.0,3.5,3.0,4.5,3.75,4.0,3.2222222222,3.3333333333,3.4666666667,23.0,22.0,38.0,31.0,36.0
s009,-20.0,-27.0,-29.0,-13.0,-14.0,-7.0,-18.0,-9.0,-15.0,10.0,12.0,16.0,20.0,29.0,0.8333333333,-0.0,-16.0,12.0,21.0,15.0,13.0,13.0,23.0,18.0,26.0,21.0,18.0,12.0,14.0,10.0,21.0,14.0,29.0,66.6666666667,-44.4444444444,-62.962962963,5.1666666667,4.75,23.0,20.0,31.0,21.0,25.0,33.0,17.0,1.0,1.0,9.0,-19.0,19.0,2.0,4.0,32.0,71.0,0.7000000000000001,1.0,0.8,0.30000000000000004,3.5,4.0,3.5,2.0,5.0,3.4166666667,3.0,3.7777777778,3.0,3.5333333333,30.0,27.0,36.0,42.0,28.0
s011,-11.0,-15.0,-21.0,-7.0,-9.0,-4.0,-10.0,-5.0,-12.0,5.0,9.0,13.0,18.0,54.0,0.33333333330000003,-0.33333333330000003,-12.0,11.0,23.0,33.0,12.0,14.0,30.0,25.0,35.0,27.0,37.0,9.0,12.0,6.0,18.0,6.0,42.0,44.4444444444,-55.5555555556,-40.7407407407,6.0,2.0,40.0,39.0,34.0,22.0,23.0,57.0,40.0,1.0,6.0,4.0,-16.0,16.0,2.0,5.8,48.0,142.0,0.5,0.5,0.7000000000000001,0.1,7.0,4.5,4.5,7.0,6.0,4.25,1.9,2.4444444444,1.4444444444,2.8666666667,23.0,17.0,24.0,29.0,26.0
s012,-18.0,-18.0,-24.0,-12.0,-12.0,-6.0,-11.0,-7.0,-12.0,11.0,7.0,17.0,18.0,44.0,0.8333333333,-0.1666666667,-12.0,16.0,20.0,24.0,9.0,13.0,28.0,24.0,29.0,31.0,30.0,20.0,22.0,12.0,16.0,11.0,29.0,27.7777777778,-33.3333333333,-66.6666666667,2.0,5.25,32.0,25.0,33.0,21.0,10.0,32.0,21.0,1.0,2.0,8.0,-17.0,15.0,2.0,3.4,43.0,114.0,0.5,0.7000000000000001,0.6000000000000001,0.2,3.5,5.5,4.0,2.5,3.0,4.3333333333,2.6,2.5555555556,1.5555555556,1.9333333333,16.0,19.0,28.0,28.0,16.0
s017,-23.0,-20.0,-20.0,-14.0,-8.0,-9.0,-12.0,-8.0,-12.0,12.0,9.0,19.0,25.0,49.0,0.6666666667000001,-0.1666666667,-12.0,14.0,20.0,18.0,12.0,18.0,15.0,17.0,33.0,21.0,22.0,13.0,13.0,13.0,13.0,18.0,23.0,44.4444444444,-66.6666666667,-48.1481481481,4.5,5.5,19.0,22.0,30.0,23.0,22.0,46.0,22.0,1.0,7.0,3.0,-19.0,22.0,5.0,3.5333333333,43.0,130.0,0.1,0.8,0.4,0.7000000000000001,7.0,7.0,4.5,2.0,4.5,4.5,3.5,4.3333333333,2.3333333333,2.4666666667,11.0,21.0,20.0,19.0,36.0
s020,-14.0,-22.0,-24.0,-9.0,-10.0,-5.0,-16.0,-6.0,-14.0,14.0,13.0,18.0,17.0,41.0,0.6666666667000001,-0.33333333330000003,-13.0,17.0,12.0,13.0,11.0,11.0,23.0,23.0,23.0,32.0,26.0,16.0,14.0,15.0,12.0,14.0,21.0,38.8888888889,-44.4444444444,-55.5555555556,5.0,3.75,29.0,28.0,26.0,21.0,23.0,46.0,30.0,1.0,3.0,7.0,-24.0,18.0,1.0,3.9333333333000002,43.0,100.5,0.4,0.8,0.5,0.2,5.5,6.0,6.5,5.5,4.5,2.9166666667000003,2.3,3.7777777778,2.7777777778,3.4666666667,21.0,19.0,26.0,35.0,28.0
s026,-13.0,-17.0,-24.0,-9.0,-14.0,-4.0,-11.0,-6.0,-10.0,11.0,8.0,18.0,19.0,51.0,0.6666666667000001,-0.1666666667,-12.0,12.0,16.0,24.0,9.0,12.0,15.0,28.0,24.0,24.0,27.0,15.0,11.0,9.0,11.0,7.0,24.0,33.3333333333,-33.3333333333,-22.2222222222,5.0,6.0,32.0,30.0,39.0,20.0,20.0,36.0,29.0,1.0,2.0,8.0,-16.0,15.0,6.0,4.7333333333,46.0,142.0,0.2,0.2,0.2,0.0,5.5,6.0,7.0,4.0,4.0,4.0,2.1,3.8888888889,1.7777777778,2.6,17.0,19.0,21.0,19.0,18.0
s027,-16.0,-20.0,-27.0,-9.0,-14.0,-7.0,-11.0,-9.0,-13.0,7.0,12.0,17.0,24.0,43.0,0.6666666667000001,-0.1666666667,-12.0,16.0,7.0,16.0,7.0,18.0,19.0,33.0,24.0,39.0,28.0,16.0,6.0,18.0,12.0,14.0,30.0,72.2222222222,-66.6666666667,-48.1481481481,4.0,7.0,32.0,25.0,25.0,20.0,21.0,41.0,26.0,1.0,4.0,6.0,-19.0,19.0,4.0,4.6666666667,41.0,108.0,0.4,0.2,0.6000000000000001,0.1,6.5,5.0,5.0,2.0,5.5,3.5833333333,4.2,1.8888888889,2.3333333333,3.0666666667,22.0,22.0,25.0,26.0,28.0
s028,-17.0,-21.0,-24.0,-9.0,-12.0,-8.0,-14.0,-7.0,-12.0,12.0,10.0,15.0,22.0,39.0,0.33333333330000003,-0.1666666667,-12.0,19.0,14.0,20.0,11.0,15.0,23.0,22.0,25.0,25.0,23.0,16.0,15.0,13.0,19.0,18.0,29.0,66.6666666667,-66.6666666667,-51.8518518519,5.1666666667,5.5,23.0,16.0,18.0,18.0,30.0,49.0,20.0,1.0,7.0,3.0,-18.0,17.0,3.0,3.2666666667,45.0,107.0,0.4444444444,0.9,0.8,0.7000000000000001,6.0,6.0,4.0,3.0,5.5,3.75,4.3,3.5555555556,2.6666666667000003,2.8,22.0,20.0,31.0,29.0,32.0
s029,-26.0,-25.0,-30.0,-18.0,-11.0,-8.0,-18.0,-7.0,-19.0,13.0,11.0,16.0,18.0,26.0,1.0,-0.0,-18.0,17.0,13.0,34.0,10.0,29.0,26.0,30.0,30.0,36.0,29.0,29.0,17.0,17.0,8.0,20.0,17.0,50.0,-66.6666666667,-33.3333333333,3.5,5.25,20.0,17.0,30.0,16.0,14.0,37.0,19.0,1.0,8.0,2.0,-25.0,29.0,2.0,2.7333333333,38.0,78.5,0.8,0.6000000000000001,0.5,0.9,2.5,4.5,3.5,2.0,5.5,3.1666666667,4.4,2.7777777778,3.1111111111,3.1333333333,21.0,18.0,39.0,39.0,33.0
s032,-14.0,-14.0,-20.0,-8.0,-10.0,-6.0,-9.0,-5.0,-10.0,12.0,7.0,14.0,19.0,53.0,0.5,-0.1666666667,-12.0,14.0,13.0,18.0,6.0,11.0,23.0,32.0,26.0,36.0,37.0,21.0,6.0,19.0,9.0,11.0,23.0,27.7777777778,-33.3333333333,-48.1481481481,5.1666666667,5.25,32.0,25.0,25.0,28.0,25.0,43.0,33.0,1.0,1.0,9.0,-16.0,17.0,2.0,4.4,47.0,144.0,0.0,0.0,0.4,0.30000000000000004,6.0,7.0,7.0,3.0,4.5,4.1666666667,2.9,3.8888888889,1.8888888889,2.2666666667,14.0,10.0,15.0,15.0,18.0
s034,-10.0,-19.0,-22.0,-6.0,-9.0,-4.0,-13.0,-6.0,-13.0,10.0,12.0,16.0,17.0,52.0,0.5,-0.33333333330000003,-12.0,19.0,9.0,12.0,6.0,11.0,25.0,37.0,41.0,27.0,22.0,14.0,13.0,6.0,17.0,20.0,31.0,61.1111111111,-33.3333333333,-59.2592592593,5.3333333333,4.0,34.0,35.0,37.0,26.0,17.0,47.0,30.0,0.0,0.0,10.0,-17.0,26.0,2.0,4.6666666667,45.0,124.0,0.4,0.7000000000000001,0.7000000000000001,0.8,7.0,5.0,7.0,3.5,5.0,3.9166666667000003,1.9,2.8888888889,1.4444444444,3.2,25.0,16.0,17.0,18.0,36.0
s042,-16.0,-16.0,-24.0,-10.0,-13.0,-6.0,-8.0,-8.0,-11.0,8.0,10.0,15.0,23.0,39.0,1.0,-0.0,-12.0,11.0,13.0,17.0,7.0,19.0,28.0,29.0,23.0,35.0,20.0,19.0,9.0,7.0,9.0,10.0,24.0,11.1111111111,-11.1111111111,-18.5185185185,5.0,5.5,29.0,26.0,24.0,23.0,29.0,46.0,26.0,1.0,6.0,4.0,-17.0,19.0,3.0,4.8,45.0,116.0,0.1,0.6000000000000001,0.8,0.30000000000000004,6.0,4.5,5.0,3.0,4.0,3.75,3.2,3.8888888889,2.3333333333,2.3333333333,17.0,21.0,24.0,16.0,28.0
s047,-12.0,-13.0,-17.0,-7.0,-7.0,-5.0,-8.0,-5.0,-10.0,12.0,12.0,18.0,13.0,57.0,0.1666666667,-0.33333333330000003,-12.0,16.0,9.0,14.0,7.0,33.0,26.0,29.0,27.0,23.0,13.0,13.0,10.0,15.0,15.0,35.0,34.0,5.5555555556,-0.0,-3.7037037037,5.1666666667,2.75,39.0,38.0,35.0,22.0,22.0,48.0,40.0,1.0,6.0,4.0,-17.0,25.0,3.0,5.6666666667,42.0,145.0,0.30000000000000004,0.4,0.7000000000000001,1.0,6.5,7.0,6.5,6.5,6.0,3.5833333333,2.4,3.6666666667000003,2.1111111111,3.2666666667,21.0,12.0,13.0,18.0,42.0
s049,-14.0,-18.0,-25.0,-9.0,-15.0,-5.0,-13.0,-5.0,-10.0,8.0,10.0,17.0,18.0,53.0,0.5,-0.33333333330000003,-13.0,15.0,12.0,25.0,6.0,9.0,17.0,32.0,30.0,28.0,23.0,10.0,8.0,15.0,9.0,16.0,23.0,61.1111111111,-33.3333333333,-33.3333333333,4.8333333333,3.5,31.0,27.0,27.0,22.0,18.0,42.0,29.0,1.0,6.0,4.0,-16.0,19.0,3.0,4.6666666667,45.0,125.0,0.1,0.2,0.5,0.5,6.5,6.5,6.5,4.5,5.0,3.5833333333,2.7,3.5555555556,2.7777777778,2.8666666667,17.0,19.0,24.0,22.0,21.0
s056,-12.0,-17.0,-13.0,-7.0,-7.0,-5.0,-8.0,-9.0,-6.0,8.0,6.0,17.0,26.0,61.0,0.5,-0.33333333330000003,-12.0,13.0,8.0,19.0,6.0,22.0,30.0,27.0,33.0,35.0,24.0,13.0,8.0,16.0,13.0,17.0,24.0,44.4444444444,-0.0,-7.4074074074,6.8333333333,6.25,37.0,33.0,25.0,26.0,33.0,35.0,38.0,1.0,7.0,3.0,-16.0,22.0,4.0,5.0666666667,48.0,142.0,0.2,0.2,0.4,0.4,6.5,7.0,6.0,1.0,2.0,5.0,4.6,3.6666666667000003,1.8888888889,2.0,11.0,11.0,15.0,14.0,27.0
s060,-11.0,-20.0,-20.0,-7.0,-12.0,-4.0,-13.0,-7.0,-8.0,9.0,10.0,17.0,24.0,46.0,0.8333333333,-0.1666666667,-12.0,11.0,23.0,25.0,16.0,14.0,24.0,26.0,27.0,30.0,37.0,21.0,11.0,17.0,10.0,7.0,24.0,66.6666666667,-33.3333333333,-33.3333333333,5.3333333333,4.25,26.0,31.0,25.0,25.0,29.0,50.0,26.0,1.0,2.0,8.0,-16.0,15.0,2.0,4.2666666667,47.0,128.0,0.0,0.0,0.4,0.0,5.5,7.0,6.0,2.0,4.0,4.0833333333,2.9,3.8888888889,2.1111111111,2.0,13.0,17.0,22.0,15.0,13.0
s062,-11.0,-13.0,-14.0,-7.0,-6.0,-4.0,-8.0,-5.0,-8.0,12.0,5.0,16.0,28.0,57.0,1.0,-0.0,-13.0,13.0,11.0,23.0,8.0,6.0,17.0,28.0,31.0,36.0,38.0,26.0,11.0,15.0,14.0,6.0,18.0,55.5555555556,-66.6666666667,-22.2222222222,3.3333333333,6.5,33.0,34.0,24.0,22.0,34.0,44.0,36.0,1.0,1.0,9.0,-17.0,15.0,3.0,4.9333333333,47.0,116.0,0.1,0.2,0.2,0.0,7.0,7.0,4.0,3.0,6.0,4.4166666667,4.5,4.2222222222,3.4444444444,2.0,12.0,15.0,21.0,15.0,13.0
s063,-20.0,-22.0,-27.0,-14.0,-12.0,-6.0,-15.0,-7.0,-15.0,9.0,12.0,16.0,20.0,36.0,0.1666666667,-0.33333333330000003,-13.0,20.0,13.0,20.0,11.0,16.0,32.0,30.0,28.0,35.0,32.0,17.0,18.0,17.0,16.0,15.0,31.0,38.8888888889,-44.4444444444,-40.7407407407,5.0,3.5,25.0,24.0,26.0,23.0,32.0,45.0,26.0,1.0,3.0,7.0,-20.0,22.0,2.0,3.6666666667000003,40.0,117.0,0.4,0.5,0.8,0.1,7.0,4.0,3.0,4.0,5.5,2.9166666667000003,2.9,3.0,3.6666666667000003,3.6,23.0,20.0,28.0,30.0,25.0
s065,-17.0,-23.0,-27.0,-10.0,-11.0,-7.0,-17.0,-6.0,-16.0,8.0,9.0,20.0,27.0,27.0,1.0,-0.0,-16.0,14.0,23.0,29.0,8.0,27.0,23.0,27.0,32.0,33.0,32.0,18.0,9.0,6.0,11.0,8.0,24.0,27.7777777778,-100.0,-37.037037037,4.6666666667,2.0,15.0,27.0,19.0,22.0,25.0,58.0,15.0,0.0,0.0,10.0,-25.0,19.0,1.0,2.1333333333,38.0,73.0,0.1,0.5,0.8,0.5,4.5,5.0,2.5,2.0,4.0,3.5833333333,4.0,3.4444444444,2.4444444444,2.9333333333000002,24.0,33.0,41.0,39.0,21.0
s066,-10.0,-17.0,-16.0,-5.0,-8.0,-5.0,-12.0,-5.0,-8.0,14.0,10.0,19.0,22.0,48.0,0.0,-0.8333333333,-13.0,12.0,10.0,19.0,10.0,12.0,33.0,31.0,35.0,35.0,37.0,12.0,14.0,15.0,12.0,6.0,30.0,77.7777777778,-22.2222222222,-55.5555555556,6.3333333333,3.0,40.0,36.0,30.0,23.0,27.0,53.0,32.0,1.0,2.0,8.0,-16.0,15.0,2.0,5.0,47.0,140.0,0.1,0.4,0.5,0.0,7.0,6.0,7.0,4.0,5.5,4.5833333333,2.2,3.7777777778,1.8888888889,2.8,12.0,10.0,28.0,17.0,17.0
s071,-15.0,-24.0,-22.0,-10.0,-10.0,-5.0,-16.0,-8.0,-12.0,11.0,11.0,17.0,14.0,45.0,0.33333333330000003,-0.5,-14.0,21.0,10.0,23.0,9.0,28.0,27.0,28.0,21.0,29.0,21.0,14.0,7.0,22.0,7.0,19.0,30.0,83.3333333333,-33.3333333333,-37.037037037,6.0,2.0,38.0,34.0,33.0,28.0,25.0,46.0,30.0,1.0,3.0,7.0,-16.0,22.0,2.0,4.6666666667,47.0,127.0,0.1,0.30000000000000004,0.5,0.7000000000000001,6.0,6.0,6.0,4.0,6.0,4.3333333333,2.4,4.1111111111,2.2222222222,2.8,21.0,17.0,21.0,16.0,30.0
s077,-10.0,-16.0,-22.0,-7.0,-10.0,-3.0,-9.0,-7.0,-12.0,7.0,9.0,13.0,15.0,60.0,0.1666666667,-0.1666666667,-12.0,17.0,7.0,17.0,9.0,12.0,25.0,29.0,22.0,29.0,26.0,12.0,9.0,23.0,22.0,20.0,40.0,22.2222222222,-0.0,-7.4074074074,4.3333333333,4.25,39.0,31.0,38.0,17.0,12.0,55.0,26.0,2.0,1.0,9.0,-16.0,19.0,2.0,5.5333333333,45.0,122.0,0.2222222222,0.30000000000000004,0.6000000000000001,0.4,5.0,6.0,7.0,4.0,6.0,3.6666666667000003,2.4,3.6666666667000003,1.8888888889,2.6,25.0,20.0,17.0,15.0,21.0
s081,-13.0,-14.0,-19.0,-6.0,-11.0,-7.0,-8.0,-6.0,-8.0,9.0,6.0,19.0,25.0,49.0,0.1666666667,-0.6666666667000001,-12.0,12.0,10.0,10.0,6.0,12.0,28.0,29.0,40.0,35.0,24.0,14.0,9.0,6.0,6.0,8.0,27.0,27.7777777778,-88.8888888889,-48.1481481481,5.1666666667,4.5,38.0,39.0,33.0,19.0,21.0,53.0,23.0,3.0,5.0,5.0,-16.0,15.0,4.0,5.2666666667,48.0,120.0,0.1,0.2,0.5,0.2,5.0,6.5,3.5,1.5,5.0,4.1666666667,3.5,3.7777777778,2.1111111111,2.4666666667,11.0,19.0,16.0,16.0,18.0
s082,-11.0,-15.0,-25.0,-7.0,-13.0,-4.0,-8.0,-7.0,-12.0,6.0,4.0,12.0,13.0,48.0,0.6666666667000001,-0.0,-13.0,13.0,19.0,21.0,6.0,7.0,20.0,28.0,28.0,30.0,25.0,17.0,9.0,18.0,12.0,7.0,30.0,11.1111111111,-0.0,-11.1111111111,5.6666666667,5.5,37.0,31.0,39.0,23.0,20.0,31.0,35.0,1.0,3.0,7.0,-16.0,16.0,1.0,5.4,47.0,129.0,0.1,0.2,0.5,0.0,5.0,6.0,4.5,1.0,1.5,3.1666666667,3.0,2.1111111111,2.1111111111,2.0,13.0,15.0,12.0,16.0,16.0
s083,-9.0,-25.0,-21.0,-5.0,-10.0,-4.0,-16.0,-9.0,-11.0,11.0,9.0,16.0,20.0,36.0,0.33333333330000003,-0.6666666667000001,-12.0,11.0,15.0,25.0,9.0,11.0,29.0,35.0,24.0,34.0,37.0,19.0,18.0,37.0,18.0,18.0,42.0,0.0,-100.0,-70.3703703704,7.0,4.5,39.0,31.0,37.0,26.0,36.0,56.0,34.0,1.0,3.0,7.0,-20.0,16.0,2.0,4.3333333333,45.0,110.0,0.0,0.4,0.7000000000000001,0.2,6.5,3.0,6.5,4.5,5.0,4.6666666667,4.4,2.8888888889,1.5555555556,2.2,19.0,11.0,28.0,16.0,18.0
s084,-14.0,-22.0,-21.0,-9.0,-12.0,-5.0,-16.0,-6.0,-9.0,12.0,10.0,20.0,25.0,43.0,0.1666666667,-0.6666666667000001,-12.0,20.0,7.0,22.0,6.0,18.0,23.0,36.0,21.0,31.0,21.0,12.0,10.0,12.0,15.0,14.0,31.0,44.4444444444,-66.6666666667,-59.2592592593,5.3333333333,2.0,39.0,40.0,33.0,23.0,21.0,47.0,35.0,1.0,1.0,9.0,-20.0,25.0,1.0,4.8,41.0,125.0,0.0,0.4,0.5,0.7000000000000001,6.0,6.0,6.5,4.0,4.0,4.3333333333,3.0,4.4444444444,2.3333333333,3.4,22.0,18.0,29.0,28.0,30.0
s085,-23.0,-23.0,-26.0,-13.0,-13.0,-10.0,-12.0,-11.0,-13.0,11.0,13.0,17.0,18.0,48.0,0.6666666667000001,-0.1666666667,-12.0,11.0,10.0,16.0,9.0,22.0,27.0,24.0,25.0,30.0,29.0,14.0,6.0,16.0,14.0,26.0,31.0,27.7777777778,-0.0,-25.9259259259,6.0,5.25,16.0,38.0,32.0,21.0,34.0,44.0,23.0,1.0,1.0,9.0,-18.0,27.0,3.0,3.7333333333,45.0,116.0,0.6000000000000001,0.1,0.4,0.9,5.0,6.0,5.5,2.0,6.0,3.9166666667000003,3.4,2.8888888889,2.8888888889,3.2,17.0,18.0,13.0,14.0,42.0
s086,-13.0,-16.0,-25.0,-9.0,-14.0,-4.0,-8.0,-8.0,-11.0,7.0,10.0,13.0,17.0,44.0,0.33333333330000003,-0.1666666667,-14.0,16.0,7.0,8.0,11.0,14.0,17.0,23.0,27.0,24.0,24.0,19.0,8.0,7.0,13.0,15.0,22.0,33.3333333333,-0.0,-18.5185185185,4.6666666667,5.0,30.0,31.0,31.0,24.0,29.0,43.0,30.0,1.0,3.0,7.0,-16.0,22.0,2.0,5.0666666667,44.0,122.0,0.0,0.4,0.6000000000000001,0.30000000000000004,5.0,5.0,6.0,2.0,4.5,3.9166666667000003,2.5,3.6666666667000003,2.6666666667000003,3.2,22.0,16.0,26.0,25.0,28.0
s089,-15.0,-20.0,-23.0,-9.0,-12.0,-6.0,-13.0,-7.0,-11.0,11.0,8.0,18.0,22.0,39.0,0.0,-0.5,-13.0,18.0,15.0,12.0,7.0,16.0,25.0,35.0,39.0,39.0,32.0,28.0,13.0,6.0,9.0,10.0,26.0,88.8888888889,-55.5555555556,-85.1851851852,6.8333333333,4.25,28.0,36.0,21.0,32.0,23.0,55.0,22.0,1.0,3.0,7.0,-17.0,15.0,2.0,4.3333333333,46.0,135.5,0.2,0.2,0.5,0.0,6.5,5.5,6.5,2.0,4.0,4.0,3.6,4.4444444444,3.0,2.8666666667,14.0,15.0,23.0,16.0,18.0
s091,-25.0,-19.0,-27.0,-15.0,-12.0,-10.0,-10.0,-9.0,-15.0,10.0,9.0,17.0,26.0,49.0,0.8333333333,-0.0,-12.0,13.0,12.0,14.0,8.0,9.0,20.0,28.0,19.0,29.0,33.0,11.0,10.0,9.0,12.0,7.0,30.0,16.6666666667,-22.2222222222,-29.6296296296,6.0,2.25,14.0,24.0,31.0,22.0,29.0,47.0,23.0,1.0,1.0,9.0,-18.0,15.0,3.0,2.6,39.0,105.0,0.0,0.1,0.2,0.0,6.5,5.5,4.5,3.5,4.0,3.5833333333,3.3,3.1111111111,2.6666666667000003,2.5333333333,21.0,25.0,20.0,16.0,15.0
s092,-14.0,-20.0,-23.0,-9.0,-12.0,-5.0,-11.0,-9.0,-11.0,7.0,9.0,16.0,28.0,40.0,0.5,-0.5,-12.0,12.0,13.0,22.0,8.0,13.0,25.0,20.0,28.0,20.0,19.0,9.0,12.0,13.0,14.0,13.0,24.0,50.0,-66.6666666667,-37.037037037,5.0,4.25,30.0,11.0,26.0,19.0,18.0,48.0,22.0,1.0,4.0,6.0,-16.0,18.0,2.0,4.5333333333,46.0,116.0,0.1,0.0,0.30000000000000004,0.30000000000000004,6.5,5.5,2.0,1.0,3.0,3.9166666667000003,2.5,4.2222222222,1.7777777778,2.1333333333,12.0,23.0,29.0,24.0,24.0
s093,-13.0,-16.0,-18.0,-6.0,-8.0,-7.0,-10.0,-6.0,-10.0,8.0,8.0,15.0,23.0,45.0,0.6666666667000001,-0.1666666667,-12.0,11.0,11.0,15.0,8.0,22.0,20.0,21.0,31.0,24.0,20.0,24.0,16.0,8.0,15.0,18.0,23.0,44.4444444444,-66.6666666667,-62.962962963,4.8333333333,5.0,34.0,11.0,20.0,18.0,29.0,41.0,25.0,1.0,2.0,8.0,-16.0,21.0,3.0,4.4,43.0,107.0,0.0,0.7000000000000001,0.6000000000000001,0.5,6.5,5.5,5.0,1.5,6.0,4.0,4.6,2.8888888889,3.7777777778,2.8666666667,12.0,20.0,28.0,27.0,31.0
s094,-12.0,-15.0,-19.0,-9.0,-8.0,-3.0,-9.0,-6.0,-11.0,9.0,11.0,17.0,21.0,44.0,0.1666666667,-0.6666666667000001,-13.0,12.0,10.0,12.0,8.0,25.0,30.0,29.0,36.0,29.0,26.0,12.0,10.0,11.0,14.0,32.0,40.0,5.5555555556,-11.1111111111,-37.037037037,5.0,5.0,32.0,32.0,32.0,28.0,22.0,55.0,32.0,1.0,1.0,9.0,-17.0,24.0,1.0,4.8666666667000005,46.0,137.0,0.2,0.5,0.4,0.7000000000000001,6.5,6.0,7.0,5.5,5.5,4.4166666667,2.9,4.4444444444,1.6666666667,2.9333333333000002,17.0,16.0,24.0,28.0,32.0
s096,-25.0,-23.0,-22.0,-15.0,-10.0,-10.0,-15.0,-8.0,-12.0,7.0,7.0,16.0,20.0,38.0,1.0,-0.0,-12.0,11.0,13.0,16.0,11.0,16.0,20.0,16.0,16.0,19.0,18.0,16.0,10.0,9.0,10.0,10.0,28.0,50.0,-11.1111111111,-29.6296296296,6.0,3.5,18.0,28.0,31.0,25.0,23.0,50.0,18.0,1.0,3.0,7.0,-17.0,16.0,3.0,3.6666666667000003,46.0,106.0,0.4,0.1,0.4,0.0,2.5,3.0,4.5,4.5,5.0,3.3333333333,2.1,3.8888888889,2.1111111111,2.7333333333,15.0,29.0,26.0,27.0,17.0
s097,-16.0,-15.0,-22.0,-8.0,-10.0,-8.0,-9.0,-6.0,-12.0,10.0,14.0,19.0,23.0,40.0,0.1666666667,-0.33333333330000003,-13.0,18.0,16.0,19.0,13.0,18.0,21.0,21.0,29.0,26.0,25.0,13.0,30.0,18.0,31.0,16.0,39.0,55.5555555556,-77.7777777778,-55.5555555556,6.0,5.75,34.0,29.0,20.0,20.0,29.0,57.0,26.0,2.0,4.0,6.0,-17.0,21.0,5.0,3.5333333333,46.0,115.0,0.30000000000000004,0.7000000000000001,0.7000000000000001,0.30000000000000004,6.0,6.5,4.5,1.0,4.0,3.5,3.8,4.0,2.1111111111,3.2666666667,15.0,16.0,26.0,15.0,30.0
s098,-23.0,-20.0,-30.0,-16.0,-14.0,-7.0,-11.0,-9.0,-16.0,8.0,13.0,18.0,17.0,55.0,0.6666666667000001,-0.0,-13.0,14.0,12.0,19.0,7.0,34.0,29.0,29.0,31.0,32.0,29.0,15.0,7.0,18.0,14.0,33.0,33.0,16.6666666667,-0.0,-11.1111111111,6.0,3.5,30.0,40.0,33.0,32.0,33.0,37.0,32.0,1.0,2.0,8.0,-20.0,30.0,1.0,5.2,39.0,132.5,0.2,0.2,0.7000000000000001,1.0,7.0,5.0,7.0,1.0,5.5,3.1666666667,2.7,2.8888888889,2.4444444444,3.4,24.0,13.0,13.0,14.0,44.0
s099,-12.0,-23.0,-20.0,-7.0,-10.0,-5.0,-15.0,-8.0,-10.0,12.0,10.0,15.0,24.0,50.0,0.5,-0.33333333330000003,-13.0,13.0,21.0,25.0,9.0,13.0,28.0,32.0,33.0,36.0,33.0,23.0,16.0,7.0,15.0,10.0,35.0,61.1111111111,-66.6666666667,-29.6296296296,5.0,5.75,27.0,25.0,38.0,22.0,32.0,45.0,30.0,1.0,5.0,5.0,-17.0,19.0,4.0,3.4,47.0,120.0,0.2,0.7777777778,0.9,0.1,5.5,5.5,3.5,1.5,6.0,4.5833333333,1.7000000000000002,4.5555555556,2.2222222222,2.6,21.0,20.0,29.0,27.0,24.0
s102,-21.0,-16.0,-19.0,-13.0,-8.0,-8.0,-9.0,-7.0,-11.0,6.0,8.0,19.0,27.0,50.0,0.6666666667000001,-0.1666666667,-14.0,11.0,21.0,20.0,13.0,12.0,26.0,30.0,34.0,36.0,39.0,30.0,17.0,17.0,17.0,10.0,21.0,61.1111111111,-44.4444444444,-22.2222222222,4.1666666667,3.75,28.0,27.0,20.0,18.0,29.0,47.0,21.0,1.0,3.0,7.0,-17.0,18.0,4.0,4.0,47.0,103.5,0.0,0.2,0.7000000000000001,0.0,6.0,5.0,2.0,2.0,5.5,3.8333333333,3.5,3.8888888889,2.0,3.0666666667,16.0,19.0,26.0,21.0,18.0
s103,-18.0,-25.0,-34.0,-12.0,-14.0,-6.0,-16.0,-9.0,-20.0,10.0,15.0,16.0,26.0,31.0,0.1666666667,-0.5,-22.0,18.0,19.0,20.0,11.0,26.0,27.0,29.0,31.0,33.0,25.0,20.0,21.0,20.0,27.0,39.0,35.0,22.2222222222,-22.2222222222,-25.9259259259,5.3333333333,4.25,29.0,23.0,25.0,21.0,24.0,39.0,20.0,1.0,7.0,3.0,-28.0,30.0,2.0,3.5333333333,29.0,87.0,0.30000000000000004,0.8,0.8,1.0,4.5,2.0,2.0,1.0,7.0,2.6666666667000003,4.1,2.7777777778,3.3333333333,4.1333333333,33.0,24.0,44.0,45.0,44.0
s105,-14.0,-22.0,-23.0,-8.0,-13.0,-6.0,-15.0,-7.0,-10.0,13.0,13.0,20.0,27.0,61.0,0.1666666667,-0.1666666667,-14.0,12.0,24.0,13.0,12.0,21.0,16.0,37.0,35.0,39.0,23.0,22.0,6.0,6.0,6.0,11.0,14.0,100.0,-0.0,-18.5185185185,6.0,1.5,33.0,22.0,26.0,18.0,40.0,51.0,25.0,1.0,4.0,6.0,-22.0,24.0,4.0,4.0,47.0,139.0,0.0,0.2,0.5,0.8,7.0,7.0,7.0,7.0,7.0,3.75,3.5,4.6666666667,3.3333333333,3.7333333333,20.0,13.0,23.0,23.0,33.0
s106,-8.0,-17.0,-14.0,-5.0,-8.0,-3.0,-11.0,-6.0,-6.0,16.0,4.0,20.0,26.0,65.0,0.1666666667,-0.33333333330000003,-12.0,14.0,8.0,9.0,6.0,10.0,32.0,37.0,35.0,40.0,35.0,19.0,10.0,10.0,6.0,11.0,34.0,22.2222222222,-0.0,-14.8148148148,4.0,4.25,40.0,40.0,31.0,29.0,38.0,53.0,40.0,1.0,4.0,6.0,-17.0,17.0,3.0,5.5333333333,47.0,149.0,0.0,0.1,0.5,0.1,5.0,7.0,4.0,1.0,2.0,4.9166666667,3.2,4.6666666667,1.8888888889,2.1333333333,11.0,10.0,12.0,18.0,15.0
s107,-18.0,-19.0,-31.0,-14.0,-15.0,-4.0,-13.0,-6.0,-16.0,12.0,12.0,17.0,20.0,39.0,0.6666666667000001,-0.33333333330000003,-14.0,12.0,10.0,18.0,13.0,20.0,19.0,29.0,28.0,28.0,27.0,18.0,12.0,20.0,21.0,21.0,25.0,55.5555555556,-66.6666666667,-55.5555555556,5.0,3.75,19.0,16.0,36.0,22.0,23.0,47.0,27.0,1.0,4.0,6.0,-23.0,22.0,2.0,3.4666666667,35.0,96.5,0.2,0.6000000000000001,0.6000000000000001,0.4,6.0,5.0,5.5,3.0,4.0,3.4166666667,3.1,3.5555555556,2.5555555556,3.6,22.0,21.0,31.0,27.0,30.0
s108,-16.0,-24.0,-30.0,-10.0,-17.0,-6.0,-15.0,-9.0,-13.0,12.0,11.0,17.0,27.0,29.0,1.0,-0.0,-14.0,13.0,14.0,11.0,13.0,7.0,22.0,19.0,20.0,28.0,35.0,19.0,14.0,12.0,19.0,7.0,36.0,50.0,-66.6666666667,-33.3333333333,2.5,2.75,22.0,25.0,29.0,15.0,26.0,31.0,17.0,1.0,4.0,6.0,-21.0,16.0,1.0,3.4,44.0,81.0,0.30000000000000004,0.7000000000000001,0.5555555556,0.0,5.0,3.5,1.5,1.0,4.5,3.8333333333,4.4,2.7777777778,2.2222222222,3.1333333333,20.0,27.0,37.0,16.0,18.0
s109,-13.0,-16.0,-22.0,-9.0,-9.0,-4.0,-10.0,-6.0,-13.0,12.0,10.0,17.0,20.0,45.0,0.6666666667000001,-0.1666666667,-14.0,14.0,12.0,14.0,11.0,25.0,24.0,36.0,29.0,33.0,29.0,18.0,7.0,14.0,17.0,32.0,28.0,44.4444444444,-44.4444444444,-62.962962963,5.5,5.5,25.0,24.0,26.0,23.0,28.0,48.0,25.0,1.0,4.0,6.0,-17.0,28.0,5.0,3.4,44.0,112.0,0.1,0.2,0.5,0.9,6.5,5.5,6.0,2.0,3.5,3.6666666667000003,2.7,4.3333333333,2.1111111111,2.7333333333,20.0,19.0,22.0,20.0,34.0
s110,-21.0,-18.0,-29.0,-14.0,-14.0,-7.0,-11.0,-7.0,-15.0,6.0,9.0,14.0,25.0,38.0,0.33333333330000003,-0.33333333330000003,-12.0,11.0,6.0,12.0,7.0,22.0,18.0,39.0,39.0,40.0,36.0,22.0,8.0,13.0,15.0,14.0,27.0,61.1111111111,-55.5555555556,-48.1481481481,4.3333333333,5.0,24.0,16.0,22.0,21.0,35.0,48.0,26.0,1.0,1.0,9.0,-18.0,17.0,4.0,3.7333333333,43.0,107.0,0.2,0.1,0.5,0.4,4.5,5.5,2.5,1.0,2.0,3.5,3.8,2.8888888889,3.3333333333,3.4,20.0,23.0,27.0,25.0,20.0
s111,-17.0,-33.0,-35.0,-11.0,-13.0,-6.0,-23.0,-10.0,-22.0,11.0,10.0,17.0,25.0,39.0,0.8333333333,-0.1666666667,-13.0,11.0,10.0,22.0,10.0,29.0,27.0,36.0,30.0,39.0,30.0,21.0,10.0,15.0,14.0,16.0,23.0,27.7777777778,-66.6666666667,-18.5185185185,4.5,3.75,33.0,33.0,31.0,23.0,31.0,54.0,24.0,5.0,5.0,5.0,-30.0,27.0,3.0,4.4666666667,29.0,99.0,0.0,0.30000000000000004,0.8,0.4,5.5,3.0,3.0,7.0,7.0,3.5,4.5,3.5555555556,3.2222222222,4.4666666667,33.0,22.0,38.0,37.0,46.0
s112,-13.0,-18.0,-21.0,-7.0,-10.0,-6.0,-10.0,-8.0,-11.0,15.0,10.0,16.0,18.0,47.0,0.33333333330000003,-0.5,-12.0,19.0,20.0,23.0,11.0,14.0,24.0,24.0,27.0,26.0,24.0,16.0,13.0,19.0,19.0,17.0,33.0,50.0,-33.3333333333,-55.5555555556,5.3333333333,5.0,31.0,35.0,27.0,24.0,26.0,48.0,26.0,1.0,5.0,5.0,-19.0,24.0,2.0,4.7333333333,44.0,123.5,0.4,0.5,0.8,0.7000000000000001,6.0,6.0,6.5,2.5,4.0,3.8333333333,3.4,3.8888888889,2.2222222222,3.0,19.0,18.0,21.0,26.0,33.0
s114,-12.0,-21.0,-23.0,-7.0,-12.0,-5.0,-11.0,-10.0,-11.0,11.0,11.0,14.0,21.0,41.0,1.0,-0.0,-12.0,17.0,14.0,16.0,12.0,21.0,15.0,25.0,28.0,21.0,19.0,15.0,6.0,16.0,21.0,27.0,30.0,38.8888888889,-22.2222222222,-22.2222222222,5.8333333333,2.25,32.0,30.0,24.0,27.0,30.0,49.0,28.0,1.0,3.0,7.0,-16.0,24.0,1.0,5.1333333333,42.0,121.0,0.2,0.5,0.6000000000000001,0.8,5.0,5.5,6.5,4.0,4.5,3.75,3.0,3.7777777778,2.3333333333,2.7333333333,24.0,23.0,31.0,14.0,36.0
s123,-17.0,-18.0,-23.0,-12.0,-11.0,-5.0,-12.0,-6.0,-12.0,12.0,8.0,15.0,21.0,40.0,0.0,-0.1666666667,-12.0,16.0,14.0,17.0,10.0,15.0,17.0,18.0,22.0,15.0,22.0,14.0,15.0,14.0,31.0,21.0,34.0,72.2222222222,-44.4444444444,-40.7407407407,6.0,3.75,24.0,32.0,25.0,20.0,26.0,49.0,26.0,1.0,5.0,5.0,-16.0,24.0,6.0,4.5333333333,45.0,122.0,0.30000000000000004,0.2,0.4,0.7000000000000001,4.0,5.0,4.0,2.0,2.5,3.6666666667000003,4.0,4.3333333333,2.0,3.2,18.0,17.0,27.0,30.0,31.0
s128,-21.0,-21.0,-31.0,-14.0,-16.0,-7.0,-12.0,-9.0,-15.0,11.0,10.0,16.0,26.0,33.0,0.1666666667,-0.6666666667000001,-13.0,12.0,17.0,25.0,12.0,7.0,19.0,32.0,34.0,34.0,33.0,26.0,11.0,10.0,24.0,8.0,21.0,72.2222222222,-66.6666666667,-48.1481481481,3.5,2.0,22.0,30.0,33.0,25.0,10.0,45.0,23.0,0.0,0.0,10.0,-17.0,15.0,3.0,3.8666666667,42.0,105.0,0.1,0.4,0.4,0.0,5.5,3.0,2.5,2.0,3.0,2.8333333333,2.8,4.0,2.6666666667000003,2.6666666667000003,22.0,28.0,30.0,28.0,16.0
s129,-16.0,-19.0,-22.0,-8.0,-11.0,-8.0,-13.0,-6.0,-11.0,7.0,9.0,18.0,28.0,42.0,0.5,-0.1666666667,-13.0,17.0,19.0,18.0,7.0,22.0,19.0,30.0,31.0,34.0,20.0,11.0,9.0,16.0,12.0,28.0,33.0,66.6666666667,-55.5555555556,-44.4444444444,3.6666666667000003,5.5,25.0,14.0,22.0,22.0,33.0,43.0,19.0,1.0,2.0,8.0,-18.0,25.0,2.0,4.0666666667,43.0,117.0,0.4,0.4,0.8,0.6000000000000001,4.0,3.5,5.0,2.0,6.0,3.6666666667000003,3.9,3.5555555556,2.4444444444,2.0666666667,15.0,28.0,18.0,14.0,36.0
s131,-13.0,-16.0,-12.0,-6.0,-6.0,-7.0,-7.0,-9.0,-6.0,8.0,5.0,11.0,14.0,55.0,0.0,-0.33333333330000003,-12.0,12.0,6.0,9.0,6.0,9.0,17.0,42.0,35.0,31.0,33.0,18.0,6.0,8.0,18.0,12.0,29.0,27.7777777778,-0.0,-11.1111111111,5.0,6.75,28.0,28.0,35.0,26.0,28.0,57.0,17.0,1.0,6.0,4.0,-19.0,15.0,3.0,5.2666666667,47.0,132.0,0.30000000000000004,0.0,0.2,0.1,4.0,7.0,6.0,1.0,3.0,3.75,1.9,3.2222222222,1.4444444444,1.4,14.0,27.0,13.0,14.0,13.0
s135,-16.0,-19.0,-19.0,-9.0,-12.0,-7.0,-14.0,-5.0,-7.0,14.0,9.0,18.0,19.0,57.0,0.5,-0.5,-19.0,19.0,10.0,11.0,7.0,24.0,24.0,35.0,33.0,35.0,32.0,22.0,13.0,22.0,15.0,18.0,29.0,44.4444444444,-0.0,-59.2592592593,6.5,3.5,33.0,34.0,32.0,28.0,37.0,51.0,32.0,1.0,2.0,8.0,-22.0,22.0,6.0,4.4666666667,46.0,133.0,0.2,0.30000000000000004,0.30000000000000004,0.4,5.5,7.0,7.0,4.0,5.5,4.4166666667,3.5,3.7777777778,3.0,3.2666666667,14.0,13.0,21.0,22.0,36.0
s140,-16.0,-20.0,-21.0,-10.0,-10.0,-6.0,-13.0,-7.0,-11.0,8.0,9.0,14.0,19.0,48.0,0.1666666667,-0.5,-12.0,14.0,10.0,18.0,7.0,13.0,16.0,27.0,24.0,33.0,28.0,16.0,10.0,19.0,9.0,14.0,21.0,33.3333333333,-33.3333333333,-33.3333333333,6.0,2.0,32.0,31.0,32.0,28.0,30.0,44.0,23.0,1.0,3.0,7.0,-16.0,17.0,2.0,4.4,46.0,120.0,0.2,0.1,0.30000000000000004,0.30000000000000004,6.0,5.5,6.0,2.0,5.5,2.8333333333,2.4,2.4444444444,2.4444444444,2.2666666667,22.0,21.0,24.0,28.0,23.0
s142,-22.0,-29.0,-36.0,-15.0,-15.0,-7.0,-22.0,-7.0,-21.0,16.0,12.0,20.0,11.0,36.0,0.33333333330000003,-0.6666666667000001,-12.0,13.0,19.0,10.0,10.0,33.0,17.0,27.0,36.0,27.0,18.0,19.0,14.0,13.0,27.0,39.0,35.0,0.0,-0.0,-77.7777777778,6.5,1.25,40.0,36.0,36.0,29.0,38.0,51.0,37.0,1.0,2.0,8.0,-28.0,30.0,4.0,5.6666666667,27.0,132.0,0.7000000000000001,0.9,1.0,1.0,6.0,3.0,5.0,7.0,7.0,2.25,1.7000000000000002,4.2222222222,2.2222222222,4.1333333333,34.0,15.0,36.0,42.0,47.0
s145,-14.0,-20.0,-23.0,-7.0,-12.0,-7.0,-11.0,-9.0,-11.0,9.0,9.0,16.0,28.0,33.0,0.33333333330000003,-0.33333333330000003,-12.0,12.0,14.0,25.0,10.0,18.0,23.0,32.0,31.0,36.0,36.0,26.0,11.0,21.0,15.0,12.0,23.0,44.4444444444,-33.3333333333,-40.7407407407,2.3333333333,4.0,26.0,16.0,16.0,15.0,30.0,46.0,20.0,1.0,3.0,7.0,-17.0,15.0,1.0,4.0666666667,43.0,101.0,0.1,0.30000000000000004,0.30000000000000004,0.0,6.5,5.5,2.0,1.0,4.5,4.25,4.1,4.5555555556,3.7777777778,3.2,11.0,20.0,27.0,15.0,15.0
s149,-22.0,-22.0,-26.0,-14.0,-10.0,-8.0,-13.0,-9.0,-16.0,6.0,11.0,14.0,24.0,30.0,0.5,-0.33333333330000003,-17.0,12.0,22.0,29.0,16.0,26.0,23.0,23.0,22.0,24.0,19.0,21.0,19.0,17.0,31.0,21.0,30.0,38.8888888889,-66.6666666667,-62.962962963,2.8333333333,4.25,14.0,23.0,15.0,14.0,28.0,36.0,18.0,1.0,2.0,8.0,-23.0,24.0,2.0,2.5333333333,35.0,74.0,0.6000000000000001,1.0,0.8,0.7000000000000001,3.5,3.0,2.0,2.5,4.0,2.5833333333,3.9,2.1111111111,2.2222222222,2.9333333333000002,24.0,29.0,41.0,39.0,32.0
s155,-13.0,-25.0,-27.0,-8.0,-8.0,-5.0,-20.0,-5.0,-19.0,12.0,13.0,17.0,19.0,31.0,0.33333333330000003,-0.33333333330000003,-21.0,19.0,9.0,6.0,8.0,15.0,36.0,24.0,42.0,30.0,25.0,8.0,15.0,6.0,15.0,12.0,42.0,88.8888888889,-22.2222222222,-11.1111111111,5.1666666667,1.0,37.0,36.0,40.0,29.0,40.0,46.0,34.0,0.0,10.0,0.0,-25.0,21.0,4.0,5.4,34.0,128.0,0.30000000000000004,0.5,0.7000000000000001,0.30000000000000004,2.5,7.0,7.0,1.0,7.0,4.0,3.3,1.4444444444,1.7777777778,4.0,32.0,14.0,42.0,20.0,26.0
s156,-13.0,-17.0,-16.0,-7.0,-7.0,-6.0,-10.0,-7.0,-9.0,13.0,12.0,16.0,11.0,58.0,0.33333333330000003,-0.5,-12.0,21.0,10.0,19.0,14.0,35.0,32.0,29.0,26.0,27.0,19.0,18.0,8.0,19.0,18.0,38.0,36.0,27.7777777778,-0.0,-18.5185185185,6.3333333333,4.25,33.0,28.0,36.0,28.0,29.0,46.0,34.0,1.0,6.0,4.0,-16.0,29.0,5.0,4.4666666667,47.0,136.0,0.2,0.4,0.8,1.0,4.5,7.0,7.0,2.0,6.0,4.3333333333,2.8,3.1111111111,1.6666666667,2.8,16.0,11.0,15.0,15.0,42.0
s161,-17.0,-18.0,-23.0,-8.0,-10.0,-9.0,-10.0,-8.0,-13.0,11.0,8.0,15.0,26.0,34.0,1.0,-0.0,-12.0,12.0,11.0,22.0,6.0,12.0,18.0,27.0,28.0,32.0,30.0,19.0,12.0,11.0,14.0,11.0,29.0,77.7777777778,-33.3333333333,-44.4444444444,4.3333333333,5.25,24.0,10.0,18.0,16.0,26.0,46.0,24.0,1.0,3.0,7.0,-18.0,18.0,4.0,3.6666666667000003,45.0,120.0,0.2,0.30000000000000004,0.8,0.2,6.5,6.0,3.0,1.0,4.5,4.0,4.0,3.7777777778,2.1111111111,2.6666666667000003,15.0,17.0,30.0,35.0,21.0
s163,-8.0,-14.0,-16.0,-5.0,-10.0,-3.0,-10.0,-4.0,-6.0,4.0,4.0,10.0,9.0,65.0,0.6666666667000001,-0.0,-14.0,17.0,9.0,9.0,6.0,6.0,21.0,37.0,39.0,42.0,37.0,19.0,6.0,12.0,6.0,10.0,25.0,38.8888888889,-0.0,-11.1111111111,6.3333333333,4.25,40.0,37.0,40.0,35.0,22.0,50.0,39.0,1.0,3.0,7.0,-17.0,20.0,3.0,5.8666666667000005,46.0,149.0,0.1,0.2,0.5,0.2,6.0,5.5,7.0,2.5,4.5,3.8333333333,1.0,2.4444444444,1.0,1.8,13.0,15.0,12.0,14.0,18.0
s165,-9.0,-14.0,-18.0,-6.0,-9.0,-3.0,-7.0,-7.0,-9.0,11.0,9.0,15.0,9.0,58.0,0.5,-0.33333333330000003,-12.0,17.0,10.0,18.0,6.0,11.0,25.0,27.0,33.0,35.0,32.0,20.0,7.0,20.0,8.0,9.0,30.0,38.8888888889,-0.0,-11.1111111111,6.1666666667,3.25,33.0,33.0,29.0,20.0,29.0,45.0,32.0,1.0,4.0,6.0,-16.0,17.0,5.0,5.0666666667,47.0,142.0,0.30000000000000004,0.0,0.1,0.0,6.5,6.5,7.0,1.5,2.5,4.3333333333,2.6,4.2222222222,2.3333333333,2.4,12.0,17.0,12.0,16.0,20.0
s168,-18.0,-18.0,-27.0,-11.0,-11.0,-7.0,-12.0,-6.0,-16.0,10.0,9.0,14.0,18.0,44.0,0.8333333333,-0.1666666667,-13.0,20.0,17.0,13.0,13.0,19.0,27.0,26.0,33.0,28.0,23.0,16.0,9.0,12.0,13.0,18.0,35.0,16.6666666667,-11.1111111111,-48.1481481481,5.5,6.0,27.0,26.0,34.0,21.0,27.0,45.0,27.0,1.0,4.0,6.0,-16.0,20.0,2.0,4.2,46.0,121.0,0.2,0.4,0.4,0.4,3.5,5.5,5.5,1.0,5.5,3.5833333333,2.4,2.2222222222,2.6666666667000003,2.6666666667000003,21.0,21.0,25.0,25.0,30.0
s170,-14.0,-19.0,-22.0,-8.0,-9.0,-6.0,-13.0,-6.0,-13.0,11.0,15.0,18.0,11.0,52.0,0.5,-0.1666666667,-13.0,20.0,18.0,10.0,9.0,26.0,30.0,20.0,27.0,22.0,24.0,8.0,9.0,12.0,15.0,33.0,42.0,22.2222222222,-11.1111111111,-7.4074074074,3.8333333333,3.5,33.0,27.0,32.0,29.0,40.0,44.0,35.0,2.0,7.0,3.0,-20.0,28.0,6.0,5.9333333333,40.0,138.0,0.4,0.4,0.8,0.9,5.5,6.0,6.5,2.0,6.5,2.0833333333,2.1,3.6666666667000003,2.0,4.2,25.0,15.0,16.0,18.0,40.0
s173,-9.0,-19.0,-20.0,-5.0,-9.0,-4.0,-13.0,-6.0,-11.0,13.0,10.0,18.0,16.0,47.0,1.0,-0.0,-13.0,16.0,18.0,21.0,6.0,14.0,25.0,27.0,32.0,31.0,17.0,19.0,16.0,15.0,11.0,15.0,34.0,38.8888888889,-0.0,-22.2222222222,5.6666666667,4.5,35.0,36.0,27.0,22.0,21.0,45.0,33.0,1.0,4.0,6.0,-17.0,22.0,2.0,4.8,46.0,137.0,0.1,0.2,0.30000000000000004,0.30000000000000004,5.0,5.0,7.0,1.5,4.0,4.25,2.4,3.5555555556,1.3333333333000001,2.5333333333,16.0,12.0,19.0,14.0,33.0
s179,-18.0,-19.0,-18.0,-12.0,-9.0,-6.0,-14.0,-5.0,-9.0,14.0,11.0,17.0,23.0,45.0,0.6666666667000001,-0.0,-12.0,17.0,20.0,16.0,6.0,35.0,26.0,28.0,23.0,38.0,12.0,10.0,20.0,17.0,7.0,31.0,28.0,22.2222222222,-77.7777777778,-55.5555555556,5.6666666667,5.25,36.0,39.0,20.0,24.0,22.0,51.0,24.0,3.0,6.0,4.0,-17.0,24.0,2.0,2.7333333333,43.0,122.5,0.0,0.30000000000000004,0.4,0.9,4.5,5.5,1.5,1.0,3.5,4.0833333333,2.8,4.1111111111,1.7777777778,3.0666666667,22.0,14.0,30.0,20.0,43.0
s180,-17.0,-18.0,-21.0,-11.0,-11.0,-6.0,-12.0,-6.0,-10.0,10.0,11.0,12.0,15.0,49.0,0.6666666667000001,-0.0,-12.0,21.0,13.0,28.0,14.0,27.0,24.0,19.0,23.0,25.0,26.0,14.0,14.0,21.0,30.0,36.0,37.0,61.1111111111,-11.1111111111,-25.9259259259,5.0,4.25,36.0,31.0,23.0,22.0,36.0,32.0,29.0,1.0,6.0,4.0,-16.0,28.0,3.0,5.0666666667,44.0,122.0,0.5,0.7000000000000001,0.8,0.8,3.0,6.5,4.5,3.5,6.0,3.75,3.7,2.8888888889,2.6666666667000003,3.0,17.0,20.0,26.0,21.0,38.0
s182,-15.0,-18.0,-30.0,-9.0,-12.0,-6.0,-10.0,-8.0,-18.0,8.0,8.0,14.0,21.0,30.0,0.8333333333,-0.1666666667,-13.0,14.0,22.0,29.0,13.0,18.0,22.0,28.0,33.0,29.0,24.0,27.0,14.0,18.0,20.0,14.0,23.0,33.3333333333,-66.6666666667,-66.6666666667,5.8333333333,6.25,23.0,22.0,28.0,21.0,25.0,34.0,17.0,1.0,7.0,3.0,-17.0,19.0,1.0,3.5333333333,42.0,95.0,0.4,0.5,0.9,0.30000000000000004,5.5,2.5,5.5,1.5,5.0,2.5833333333,2.9,3.3333333333,3.2222222222,2.6,25.0,29.0,28.0,28.0,27.0
s184,-13.0,-20.0,-20.0,-8.0,-8.0,-5.0,-15.0,-5.0,-12.0,12.0,11.0,18.0,21.0,39.0,0.6666666667000001,-0.0,-15.0,21.0,10.0,27.0,13.0,25.0,31.0,27.0,24.0,28.0,26.0,9.0,9.0,14.0,20.0,23.0,34.0,55.5555555556,-55.5555555556,-25.9259259259,6.0,2.75,27.0,34.0,23.0,24.0,26.0,45.0,29.0,1.0,6.0,4.0,-20.0,23.0,3.0,3.8,41.0,130.0,0.2,0.5,0.7000000000000001,0.6666666667000001,6.0,5.5,6.0,5.5,5.5,3.5833333333,3.6,4.1111111111,2.3333333333,3.2666666667,25.0,15.0,28.0,24.0,34.0
s186,-14.0,-14.0,-21.0,-10.0,-10.0,-4.0,-9.0,-5.0,-11.0,8.0,9.0,18.0,19.0,59.0,0.8333333333,-0.1666666667,-12.0,14.0,14.0,19.0,15.0,13.0,21.0,27.0,24.0,24.0,33.0,19.0,7.0,22.0,16.0,10.0,23.0,11.1111111111,-11.1111111111,-44.4444444444,5.3333333333,3.5,36.0,28.0,33.0,25.0,25.0,42.0,37.0,1.0,1.0,9.0,-16.0,20.0,3.0,4.9333333333,45.0,129.0,0.2,0.30000000000000004,0.5,0.2,6.5,5.5,6.5,4.5,6.5,3.8333333333,2.9,4.4444444444,2.2222222222,2.5333333333,13.0,12.0,18.0,17.0,29.0
s187,-21.0,-27.0,-23.0,-13.0,-10.0,-8.0,-18.0,-9.0,-13.0,10.0,11.0,14.0,20.0,36.0,0.6666666667000001,-0.1666666667,-19.0,17.0,15.0,16.0,15.0,24.0,25.0,26.0,25.0,26.0,27.0,25.0,24.0,25.0,24.0,28.0,26.0,55.5555555556,-44.4444444444,-55.5555555556,4.6666666667,4.75,18.0,25.0,21.0,22.0,30.0,44.0,23.0,0.0,0.0,10.0,-26.0,21.0,5.0,3.0666666667,40.0,94.0,0.5,0.8,0.7000000000000001,0.5,5.0,2.5,3.0,4.5,5.5,3.25,3.5,3.2222222222,3.5555555556,3.2,26.0,24.0,30.0,36.0,31.0
s188,-11.0,-21.0,-17.0,-5.0,-9.0,-6.0,-15.0,-6.0,-8.0,9.0,6.0,9.0,20.0,47.0,0.33333333330000003,-0.33333333330000003,-12.0,11.0,20.0,15.0,10.0,21.0,25.0,27.0,34.0,30.0,35.0,14.0,16.0,11.0,11.0,19.0,34.0,16.6666666667,-22.2222222222,-48.1481481481,4.0,6.5,38.0,40.0,31.0,27.0,37.0,43.0,33.0,1.0,4.0,6.0,-18.0,26.0,2.0,4.5333333333,47.0,123.5,0.1,0.5,0.7000000000000001,0.5,4.0,6.5,7.0,1.5,5.0,4.75,3.9,4.1111111111,2.2222222222,2.0,14.0,11.0,23.0,15.0,33.0
s190,-13.0,-13.0,-19.0,-9.0,-12.0,-4.0,-8.0,-5.0,-7.0,7.0,6.0,17.0,27.0,57.0,0.1666666667,-0.5,-12.0,11.0,11.0,16.0,9.0,12.0,25.0,27.0,22.0,33.0,33.0,17.0,8.0,13.0,6.0,21.0,29.0,38.8888888889,-33.3333333333,-22.2222222222,5.3333333333,4.75,32.0,26.0,27.0,21.0,20.0,45.0,33.0,1.0,6.0,4.0,-16.0,19.0,3.0,4.8666666667000005,47.0,133.0,0.1,0.30000000000000004,0.2,0.6000000000000001,7.0,7.0,3.5,1.5,2.0,4.75,3.3,3.6666666667000003,1.8888888889,1.8666666667,11.0,14.0,21.0,22.0,27.0
s192,-11.0,-20.0,-20.0,-7.0,-9.0,-4.0,-10.0,-10.0,-11.0,10.0,10.0,18.0,20.0,50.0,0.8333333333,-0.0,-12.0,15.0,12.0,17.0,7.0,20.0,21.0,26.0,30.0,32.0,25.0,18.0,10.0,26.0,8.0,23.0,30.0,33.3333333333,-0.0,-11.1111111111,4.6666666667,2.75,36.0,29.0,31.0,24.0,25.0,43.0,25.0,1.0,1.0,9.0,-16.0,21.0,2.0,4.6,47.0,114.0,0.1,0.4,0.5,0.5,6.5,5.5,6.0,2.5,5.0,3.0833333333,2.5,3.6666666667000003,2.1111111111,2.8,20.0,18.0,17.0,19.0,30.0
s196,-16.0,-27.0,-26.0,-9.0,-13.0,-7.0,-17.0,-10.0,-13.0,14.0,14.0,19.0,20.0,41.0,0.1666666667,-0.33333333330000003,-13.0,16.0,9.0,15.0,10.0,26.0,38.0,34.0,25.0,38.0,37.0,19.0,12.0,16.0,20.0,17.0,40.0,61.1111111111,-22.2222222222,-25.9259259259,5.0,2.0,36.0,32.0,27.0,23.0,32.0,48.0,34.0,0.0,0.0,10.0,-25.0,21.0,3.0,5.1333333333,42.0,131.0,0.2,0.9,0.8,0.6000000000000001,4.5,6.5,4.5,6.0,5.5,3.0,3.1,4.6666666667,3.7777777778,4.1333333333,25.0,12.0,30.0,31.0,34.0
s198,-16.0,-22.0,-22.0,-10.0,-11.0,-6.0,-14.0,-8.0,-11.0,12.0,12.0,15.0,16.0,51.0,0.1666666667,-0.5,-13.0,19.0,14.0,24.0,14.0,18.0,24.0,27.0,28.0,25.0,28.0,21.0,11.0,18.0,20.0,29.0,28.0,44.4444444444,-33.3333333333,-33.3333333333,5.0,3.25,26.0,32.0,29.0,21.0,24.0,41.0,32.0,1.0,3.0,7.0,-19.0,27.0,3.0,3.8666666667,44.0,116.0,0.2,0.5,0.8,1.0,6.0,6.0,6.0,4.5,5.5,3.5,2.4,3.8888888889,2.8888888889,3.3333333333,24.0,21.0,24.0,27.0,36.0
s202,-10.0,-18.0,-18.0,-6.0,-5.0,-4.0,-11.0,-7.0,-13.0,16.0,15.0,15.0,9.0,54.0,1.0,-0.0,-15.0,22.0,25.0,27.0,15.0,39.0,28.0,24.0,27.0,16.0,17.0,15.0,24.0,27.0,41.0,42.0,39.0,100.0,-11.1111111111,-29.6296296296,4.5,6.25,39.0,28.0,19.0,27.0,18.0,53.0,40.0,1.0,3.0,7.0,-20.0,28.0,6.0,4.9333333333,41.0,147.0,0.8,1.0,0.9,0.9,4.0,6.5,6.0,7.0,7.0,3.9166666667000003,3.9,1.7777777778,1.2222222222,3.4666666667,28.0,11.0,15.0,15.0,45.0
s205,-13.0,-16.0,-22.0,-9.0,-10.0,-4.0,-9.0,-7.0,-12.0,12.0,8.0,16.0,18.0,49.0,0.1666666667,-0.5,-12.0,14.0,12.0,16.0,7.0,8.0,15.0,22.0,27.0,24.0,20.0,15.0,11.0,12.0,14.0,12.0,23.0,44.4444444444,-33.3333333333,-33.3333333333,6.0,2.75,35.0,24.0,40.0,21.0,24.0,44.0,32.0,1.0,4.0,6.0,-16.0,16.0,2.0,4.9333333333,47.0,120.0,0.1,0.1,0.4,0.1,6.0,6.0,5.5,2.0,4.0,3.75,2.2,4.0,2.1111111111,2.6666666667000003,22.0,20.0,24.0,28.0,23.0
s206,-9.0,-14.0,-16.0,-5.0,-8.0,-4.0,-8.0,-6.0,-8.0,15.0,7.0,20.0,17.0,63.0,0.33333333330000003,-0.5,-12.0,15.0,14.0,23.0,7.0,24.0,26.0,29.0,33.0,33.0,27.0,14.0,7.0,14.0,13.0,19.0,35.0,16.6666666667,-33.3333333333,-22.2222222222,6.5,2.75,36.0,40.0,37.0,25.0,30.0,43.0,39.0,1.0,6.0,4.0,-17.0,17.0,4.0,5.3333333333,47.0,146.0,0.0,0.0,0.30000000000000004,0.1,6.5,7.0,7.0,6.5,4.0,4.75,1.8,4.5555555556,1.3333333333000001,2.2,12.0,10.0,15.0,15.0,20.0
s207,-12.0,-17.0,-19.0,-7.0,-12.0,-5.0,-9.0,-8.0,-7.0,8.0,4.0,18.0,28.0,62.0,0.33333333330000003,-0.5,-12.0,13.0,6.0,11.0,7.0,10.0,16.0,40.0,36.0,41.0,37.0,18.0,6.0,9.0,6.0,8.0,20.0,27.7777777778,-0.0,-11.1111111111,4.3333333333,4.25,37.0,31.0,30.0,10.0,31.0,42.0,34.0,1.0,3.0,7.0,-16.0,15.0,2.0,5.2,47.0,143.0,0.0,0.0,0.0,0.0,7.0,7.0,4.5,1.0,2.5,4.6666666667,3.1,4.6666666667,1.5555555556,2.5333333333,11.0,10.0,15.0,14.0,12.0
s208,-28.0,-34.0,-34.0,-18.0,-15.0,-10.0,-23.0,-11.0,-19.0,9.0,14.0,18.0,25.0,19.0,0.8333333333,-0.1666666667,-22.0,19.0,13.0,20.0,12.0,18.0,23.0,28.0,27.0,28.0,22.0,12.0,12.0,12.0,22.0,27.0,32.0,38.8888888889,-100.0,-70.3703703704,4.8333333333,5.5,12.0,22.0,13.0,15.0,31.0,47.0,19.0,1.0,1.0,9.0,-29.0,23.0,2.0,2.4,29.0,61.0,0.1,0.9,0.7000000000000001,0.8,5.5,1.5,2.5,1.0,4.0,3.25,3.9,1.8888888889,2.7777777778,3.4,30.0,29.0,42.0,46.0,31.0
s209,-9.0,-16.0,-14.0,-5.0,-7.0,-4.0,-11.0,-5.0,-7.0,13.0,6.0,17.0,12.0,58.0,0.6666666667000001,-0.1666666667,-12.0,16.0,6.0,9.0,6.0,7.0,24.0,29.0,32.0,38.0,35.0,19.0,6.0,9.0,7.0,7.0,34.0,38.8888888889,-0.0,-11.1111111111,5.5,3.25,40.0,34.0,35.0,28.0,37.0,42.0,36.0,0.0,0.0,10.0,-16.0,17.0,2.0,5.6,47.0,141.0,0.1,0.2,0.30000000000000004,0.0,6.5,7.0,6.0,2.5,4.0,4.3333333333,2.6,3.2222222222,1.8888888889,2.4,16.0,11.0,18.0,15.0,16.0
s210,-10.0,-21.0,-15.0,-5.0,-8.0,-5.0,-15.0,-6.0,-7.0,16.0,15.0,19.0,11.0,45.0,0.5,-0.1666666667,-17.0,21.0,20.0,16.0,12.0,29.0,21.0,25.0,29.0,22.0,22.0,12.0,28.0,16.0,31.0,37.0,41.0,0.0,-0.0,-14.8148148148,7.0,4.0,36.0,40.0,31.0,28.0,24.0,52.0,36.0,1.0,1.0,9.0,-18.0,29.0,4.0,5.5333333333,47.0,129.0,0.9,1.0,0.9,0.9,6.0,6.5,6.5,6.5,6.5,4.25,2.7,3.5555555556,1.7777777778,3.7333333333,22.0,12.0,34.0,37.0,48.0
s212,-16.0,-18.0,-22.0,-11.0,-11.0,-5.0,-9.0,-9.0,-11.0,10.0,10.0,20.0,26.0,48.0,0.6666666667000001,-0.0,-12.0,14.0,15.0,9.0,8.0,21.0,37.0,31.0,38.0,36.0,25.0,15.0,13.0,6.0,9.0,19.0,41.0,50.0,-0.0,-25.9259259259,3.6666666667000003,1.75,24.0,40.0,38.0,19.0,33.0,39.0,20.0,1.0,8.0,2.0,-18.0,21.0,2.0,4.7333333333,47.0,120.0,0.4,0.30000000000000004,0.6000000000000001,0.2,5.0,6.0,6.0,3.0,6.0,3.8333333333,4.1,2.4444444444,3.2222222222,3.1333333333,13.0,20.0,19.0,16.0,31.0
s216,-16.0,-16.0,-22.0,-10.0,-14.0,-6.0,-8.0,-8.0,-8.0,6.0,4.0,12.0,28.0,38.0,0.1666666667,-0.5,-13.0,11.0,25.0,12.0,8.0,16.0,25.0,26.0,36.0,30.0,36.0,26.0,9.0,6.0,9.0,12.0,14.0,16.6666666667,-100.0,-77.7777777778,4.3333333333,5.75,32.0,8.0,17.0,15.0,27.0,36.0,35.0,1.0,1.0,9.0,-17.0,17.0,2.0,4.4,46.0,110.0,0.0,0.2,0.2,0.1,6.5,7.0,1.5,1.0,1.5,4.9166666667,4.3,4.2222222222,2.5555555556,1.4666666667000001,11.0,12.0,28.0,28.0,14.0
s218,-9.0,-16.0,-11.0,-5.0,-5.0,-4.0,-12.0,-4.0,-6.0,16.0,9.0,20.0,15.0,65.0,0.1666666667,-0.5,-12.0,21.0,6.0,6.0,6.0,13.0,15.0,38.0,42.0,42.0,40.0,36.0,6.0,6.0,6.0,13.0,21.0,77.7777777778,-0.0,-0.0,5.8333333333,1.0,40.0,40.0,34.0,24.0,39.0,52.0,40.0,6.0,6.0,4.0,-18.0,16.0,6.0,6.0,47.0,149.0,0.2,0.1,0.6000000000000001,0.1,6.5,6.5,6.5,6.5,6.5,4.8333333333,1.4,4.3333333333,1.2222222222,1.8666666667,15.0,10.0,13.0,21.0,27.0
s226,-14.0,-33.0,-29.0,-7.0,-11.0,-7.0,-24.0,-9.0,-18.0,14.0,14.0,20.0,17.0,47.0,0.33333333330000003,-0.0,-22.0,22.0,11.0,11.0,12.0,21.0,33.0,26.0,35.0,31.0,24.0,22.0,13.0,8.0,26.0,20.0,39.0,38.8888888889,-0.0,-40.7407407407,5.8333333333,4.5,38.0,38.0,35.0,22.0,28.0,50.0,34.0,1.0,2.0,8.0,-29.0,29.0,2.0,5.2,28.0,107.0,0.4,0.5,0.8,0.9,6.5,6.0,7.0,4.5,7.0,2.75,2.9,3.7777777778,2.8888888889,4.6666666667,25.0,12.0,29.0,26.0,43.0
s228,-20.0,-18.0,-23.0,-11.0,-15.0,-9.0,-8.0,-10.0,-8.0,8.0,6.0,20.0,28.0,27.0,0.8333333333,-0.1666666667,-12.0,11.0,13.0,21.0,7.0,6.0,13.0,24.0,26.0,30.0,28.0,19.0,15.0,15.0,13.0,8.0,22.0,38.8888888889,-66.6666666667,-59.2592592593,3.3333333333,4.25,22.0,29.0,20.0,14.0,26.0,35.0,16.0,1.0,3.0,7.0,-16.0,15.0,5.0,3.2666666667,47.0,82.5,0.0,0.30000000000000004,0.2,0.0,2.5,4.0,1.5,1.0,1.0,4.4166666667,3.7,4.4444444444,1.5555555556,1.8666666667,11.0,26.0,32.0,27.0,12.0
s233,-20.0,-22.0,-20.0,-11.0,-8.0,-9.0,-12.0,-10.0,-12.0,10.0,7.0,18.0,28.0,32.0,0.5,-0.33333333330000003,-14.0,12.0,15.0,11.0,13.0,10.0,28.0,28.0,39.0,32.0,39.0,23.0,16.0,6.0,21.0,7.0,32.0,33.3333333333,-44.4444444444,-59.2592592593,3.0,1.0,31.0,40.0,12.0,12.0,37.0,27.0,15.0,1.0,3.0,7.0,-22.0,16.0,2.0,4.3333333333,43.0,98.0,0.7000000000000001,0.5,0.5,0.0,2.5,5.0,1.0,2.0,3.5,4.0,4.6,2.7777777778,1.5555555556,1.4,16.0,27.0,40.0,41.0,12.0
s237,-12.0,-23.0,-28.0,-7.0,-13.0,-5.0,-15.0,-8.0,-15.0,12.0,13.0,14.0,19.0,35.0,0.5,-0.0,-12.0,21.0,19.0,13.0,9.0,21.0,24.0,23.0,28.0,33.0,37.0,12.0,17.0,6.0,21.0,17.0,32.0,33.3333333333,-33.3333333333,-33.3333333333,5.0,4.25,30.0,18.0,25.0,20.0,27.0,41.0,26.0,1.0,7.0,3.0,-22.0,19.0,1.0,4.6666666667,40.0,108.0,0.7000000000000001,0.33333333330000003,0.9,0.2,4.5,4.0,4.0,2.5,4.0,3.25,3.8,3.0,2.8888888889,3.3333333333,24.0,20.0,29.0,30.0,29.0
s238,-9.0,-16.0,-14.0,-5.0,-7.0,-4.0,-11.0,-5.0,-7.0,11.0,9.0,15.0,21.0,61.0,0.0,-0.8333333333,-12.0,15.0,6.0,6.0,6.0,11.0,9.0,40.0,41.0,40.0,32.0,20.0,6.0,6.0,10.0,10.0,25.0,61.1111111111,-33.3333333333,-25.9259259259,5.6666666667,2.0,37.0,31.0,36.0,21.0,24.0,43.0,36.0,3.0,2.0,8.0,-16.0,15.0,3.0,5.0666666667,46.0,129.0,0.30000000000000004,0.1,0.4,0.0,5.5,6.0,5.5,6.0,5.5,4.25,2.1,3.8888888889,2.6666666667000003,2.8666666667,16.0,13.0,23.0,26.0,23.0
s244,-17.0,-21.0,-25.0,-10.0,-13.0,-7.0,-14.0,-7.0,-12.0,6.0,9.0,13.0,27.0,36.0,0.33333333330000003,-0.5,-12.0,14.0,22.0,14.0,12.0,17.0,23.0,28.0,34.0,35.0,37.0,24.0,15.0,6.0,24.0,10.0,29.0,44.4444444444,-66.6666666667,-48.1481481481,3.6666666667000003,4.0,25.0,32.0,17.0,24.0,28.0,38.0,22.0,1.0,1.0,9.0,-17.0,19.0,3.0,4.0666666667,45.0,89.0,0.5,0.7000000000000001,0.4,0.2,3.0,6.0,2.0,2.0,5.5,3.9166666667000003,3.8,2.7777777778,3.4444444444,2.4666666667,22.0,24.0,26.0,15.0,20.0
s246,-23.0,-23.0,-32.0,-15.0,-16.0,-8.0,-15.0,-8.0,-16.0,12.0,11.0,17.0,22.0,20.0,0.33333333330000003,-0.33333333330000003,-15.0,12.0,12.0,23.0,11.0,18.0,26.0,23.0,24.0,28.0,25.0,19.0,15.0,6.0,14.0,15.0,26.0,5.5555555556,-22.2222222222,-37.037037037,4.5,5.0,14.0,20.0,21.0,18.0,17.0,46.0,15.0,1.0,1.0,9.0,-21.0,17.0,2.0,2.4666666667,40.0,79.0,0.4,0.8,0.5,0.2,4.0,1.5,4.0,4.5,2.0,2.75,3.8,3.4444444444,3.4444444444,3.4666666667,25.0,35.0,33.0,29.0,24.0
s249,-16.0,-26.0,-23.0,-9.0,-12.0,-7.0,-17.0,-9.0,-11.0,15.0,12.0,14.0,17.0,42.0,0.1666666667,-0.5,-20.0,17.0,19.0,29.0,8.0,19.0,28.0,30.0,32.0,36.0,33.0,25.0,24.0,17.0,32.0,17.0,27.0,50.0,-44.4444444444,-59.2592592593,4.8333333333,5.75,26.0,26.0,25.0,24.0,30.0,55.0,25.0,1.0,8.0,2.0,-24.0,24.0,2.0,4.9333333333,42.0,111.0,0.4,0.2,0.33333333330000003,0.5555555556,6.5,7.0,6.0,5.5,5.0,3.3333333333,3.8,2.7777777778,3.3333333333,3.4,21.0,18.0,30.0,38.0,38.0
s252,-16.0,-15.0,-22.0,-10.0,-11.0,-6.0,-8.0,-7.0,-11.0,8.0,7.0,16.0,19.0,41.0,0.6666666667000001,-0.1666666667,-12.0,15.0,16.0,17.0,13.0,19.0,28.0,20.0,34.0,20.0,22.0,11.0,16.0,9.0,29.0,13.0,41.0,22.2222222222,-55.5555555556,-29.6296296296,4.8333333333,2.25,30.0,25.0,21.0,19.0,27.0,38.0,26.0,1.0,4.0,6.0,-16.0,16.0,3.0,3.8666666667,46.0,125.0,0.5,0.6000000000000001,0.8,0.2,5.0,6.5,5.0,1.5,5.5,4.4166666667,3.7,2.3333333333,1.3333333333000001,2.2666666667,14.0,14.0,22.0,15.0,23.0
s254,-18.0,-21.0,-27.0,-10.0,-14.0,-8.0,-13.0,-8.0,-13.0,15.0,10.0,20.0,28.0,39.0,0.1666666667,-0.6666666667000001,-13.0,11.0,6.0,12.0,6.0,8.0,21.0,37.0,35.0,42.0,42.0,22.0,7.0,6.0,6.0,6.0,19.0,66.6666666667,-55.5555555556,-59.2592592593,6.0,1.0,27.0,32.0,28.0,11.0,31.0,43.0,28.0,1.0,5.0,5.0,-20.0,15.0,1.0,4.4666666667,47.0,106.0,0.30000000000000004,0.1,0.30000000000000004,0.0,7.0,5.5,3.0,5.5,4.5,4.5833333333,3.9,4.6666666667,2.8888888889,3.0666666667,21.0,18.0,37.0,39.0,16.0
s259,-14.0,-16.0,-11.0,-5.0,-5.0,-9.0,-12.0,-4.0,-6.0,16.0,12.0,20.0,15.0,62.0,0.6666666667000001,-0.0,-12.0,20.0,15.0,19.0,13.0,21.0,26.0,25.0,29.0,30.0,23.0,19.0,8.0,21.0,14.0,29.0,32.0,11.1111111111,-0.0,-55.5555555556,3.8333333333,2.0,38.0,40.0,40.0,33.0,34.0,28.0,40.0,1.0,3.0,7.0,-17.0,29.0,4.0,4.5333333333,47.0,150.0,0.1,0.8,0.7000000000000001,0.7000000000000001,7.0,6.0,7.0,4.5,7.0,5.0,2.3,4.5555555556,1.0,3.2666666667,15.0,10.0,12.0,16.0,36.0
s262,-15.0,-18.0,-23.0,-9.0,-11.0,-6.0,-12.0,-6.0,-12.0,11.0,10.0,15.0,16.0,50.0,0.1666666667,-0.33333333330000003,-13.0,18.0,11.0,17.0,10.0,17.0,16.0,34.0,27.0,34.0,29.0,24.0,12.0,17.0,9.0,14.0,20.0,55.5555555556,-44.4444444444,-37.037037037,4.8333333333,4.5,31.0,31.0,27.0,22.0,25.0,48.0,33.0,1.0,5.0,5.0,-16.0,18.0,4.0,4.3333333333,48.0,116.0,0.1,0.4,0.4,0.1,5.5,5.5,5.5,5.5,5.0,3.6666666667000003,3.1,3.6666666667000003,2.5555555556,3.2,25.0,20.0,24.0,30.0,27.0
s264,-13.0,-18.0,-26.0,-10.0,-15.0,-3.0,-9.0,-9.0,-11.0,12.0,9.0,16.0,18.0,46.0,0.8333333333,-0.1666666667,-12.0,12.0,12.0,25.0,14.0,23.0,24.0,31.0,30.0,34.0,35.0,26.0,12.0,28.0,14.0,17.0,26.0,11.1111111111,-44.4444444444,-44.4444444444,6.0,5.25,32.0,31.0,32.0,28.0,31.0,47.0,22.0,0.0,0.0,10.0,-17.0,19.0,3.0,4.4,46.0,119.0,0.2,0.33333333330000003,0.7000000000000001,0.2,5.5,5.5,5.5,4.0,4.5,3.9166666667000003,2.7,3.8888888889,3.0,3.4666666667,23.0,20.0,24.0,29.0,24.0
s265,-16.0,-24.0,-27.0,-10.0,-13.0,-6.0,-19.0,-5.0,-14.0,12.0,15.0,18.0,14.0,36.0,0.6666666667000001,-0.1666666667,-13.0,12.0,14.0,26.0,14.0,18.0,23.0,24.0,18.0,29.0,36.0,9.0,17.0,30.0,22.0,17.0,35.0,50.0,-55.5555555556,-40.7407407407,3.3333333333,4.5,23.0,21.0,26.0,24.0,30.0,49.0,27.0,1.0,4.0,6.0,-25.0,26.0,4.0,3.6,37.0,114.0,0.7000000000000001,1.0,0.8,0.8,4.5,5.5,6.5,4.0,7.0,3.3333333333,3.8,4.0,2.6666666667000003,4.2666666667,23.0,19.0,31.0,45.0,43.0
s269,-18.0,-25.0,-26.0,-11.0,-12.0,-7.0,-19.0,-6.0,-14.0,14.0,16.0,19.0,22.0,40.0,0.5,-0.33333333330000003,-17.0,19.0,17.0,8.0,7.0,20.0,22.0,25.0,29.0,24.0,17.0,14.0,14.0,6.0,22.0,31.0,33.0,22.2222222222,-0.0,-33.3333333333,6.3333333333,4.0,23.0,26.0,30.0,23.0,36.0,45.0,33.0,0.0,0.0,10.0,-27.0,25.0,5.0,3.6666666667000003,35.0,124.0,0.5,0.9,0.7000000000000001,0.8,4.0,6.0,4.5,4.5,5.0,4.0,2.7,4.0,3.1111111111,4.0,25.0,14.0,31.0,38.0,45.0
s273,-10.0,-17.0,-18.0,-5.0,-8.0,-5.0,-10.0,-7.0,-10.0,13.0,8.0,18.0,20.0,59.0,1.0,-0.0,-12.0,12.0,16.0,12.0,11.0,13.0,20.0,25.0,31.0,29.0,38.0,24.0,16.0,13.0,12.0,11.0,29.0,11.1111111111,-22.2222222222,-18.5185185185,4.5,2.0,36.0,35.0,28.0,27.0,29.0,44.0,34.0,1.0,3.0,7.0,-16.0,16.0,4.0,4.9333333333,48.0,132.0,0.0,0.4,0.5,0.0,5.0,6.5,7.0,3.0,5.0,4.4166666667,2.7,4.3333333333,1.7777777778,2.3333333333,17.0,12.0,16.0,15.0,20.0
s275,-11.0,-16.0,-16.0,-7.0,-8.0,-4.0,-11.0,-5.0,-8.0,16.0,14.0,20.0,8.0,58.0,0.33333333330000003,-0.1666666667,-12.0,19.0,20.0,28.0,17.0,9.0,24.0,35.0,26.0,29.0,28.0,32.0,6.0,29.0,19.0,10.0,26.0,61.1111111111,-0.0,-14.8148148148,7.0,1.5,40.0,35.0,38.0,24.0,38.0,52.0,29.0,1.0,5.0,5.0,-16.0,21.0,5.0,5.8666666667000005,47.0,150.0,0.30000000000000004,0.4,0.30000000000000004,0.2,7.0,7.0,6.5,7.0,6.5,3.9166666667000003,1.9,4.3333333333,2.0,3.4666666667,19.0,11.0,12.0,14.0,35.0
s277,-22.0,-23.0,-21.0,-12.0,-11.0,-10.0,-14.0,-9.0,-10.0,12.0,11.0,15.0,20.0,43.0,0.5,-0.0,-14.0,19.0,19.0,9.0,13.0,26.0,27.0,38.0,35.0,38.0,35.0,28.0,8.0,6.0,18.0,25.0,22.0,44.4444444444,-0.0,-11.1111111111,5.0,5.0,27.0,21.0,24.0,23.0,29.0,63.0,31.0,1.0,5.0,5.0,-24.0,21.0,2.0,3.5333333333,46.0,135.0,0.4,0.2,0.6000000000000001,0.6000000000000001,6.0,6.0,4.0,3.5,6.0,3.4166666667,3.6,3.1111111111,3.6666666667000003,3.5333333333,17.0,15.0,37.0,45.0,33.0
s284,-14.0,-18.0,-21.0,-9.0,-10.0,-5.0,-12.0,-6.0,-11.0,8.0,10.0,12.0,19.0,45.0,0.8333333333,-0.1666666667,-12.0,11.0,21.0,22.0,18.0,23.0,25.0,18.0,17.0,22.0,22.0,17.0,15.0,22.0,15.0,15.0,26.0,38.8888888889,-33.3333333333,-33.3333333333,4.6666666667,3.75,28.0,24.0,27.0,21.0,21.0,44.0,24.0,1.0,6.0,4.0,-16.0,17.0,3.0,4.3333333333,48.0,98.0,0.2,0.30000000000000004,0.7000000000000001,0.1,5.5,6.0,5.5,1.5,4.0,3.75,3.4,2.6666666667000003,2.6666666667000003,2.4666666667,15.0,21.0,23.0,23.0,23.0
s285,-14.0,-18.0,-26.0,-10.0,-13.0,-4.0,-10.0,-8.0,-13.0,7.0,8.0,16.0,19.0,41.0,0.6666666667000001,-0.0,-13.0,17.0,7.0,13.0,8.0,6.0,17.0,36.0,32.0,33.0,41.0,24.0,8.0,12.0,10.0,6.0,29.0,38.8888888889,-55.5555555556,-7.4074074074,4.6666666667,2.25,29.0,27.0,37.0,19.0,25.0,42.0,21.0,1.0,2.0,8.0,-17.0,16.0,2.0,4.5333333333,43.0,111.0,0.0,0.4,0.4,0.0,6.5,6.0,4.5,1.5,4.0,3.5833333333,2.3,2.7777777778,2.1111111111,2.3333333333,25.0,25.0,24.0,16.0,15.0
s286,-9.0,-18.0,-15.0,-5.0,-8.0,-4.0,-11.0,-7.0,-7.0,11.0,6.0,20.0,23.0,60.0,0.5,-0.33333333330000003,-13.0,17.0,15.0,15.0,7.0,20.0,26.0,32.0,31.0,30.0,31.0,23.0,6.0,16.0,12.0,20.0,26.0,22.2222222222,-0.0,-14.8148148148,5.0,3.75,36.0,22.0,27.0,26.0,32.0,50.0,38.0,1.0,6.0,4.0,-18.0,22.0,2.0,5.0,47.0,143.0,0.0,0.1,0.6000000000000001,0.7000000000000001,7.0,6.5,6.5,2.0,5.5,4.75,1.7000000000000002,4.6666666667,2.0,3.6,17.0,11.0,18.0,17.0,30.0
s290,-10.0,-17.0,-28.0,-7.0,-16.0,-3.0,-11.0,-6.0,-12.0,10.0,9.0,17.0,18.0,42.0,0.1666666667,-0.6666666667000001,-14.0,20.0,15.0,23.0,12.0,15.0,21.0,23.0,33.0,31.0,27.0,19.0,20.0,10.0,15.0,10.0,24.0,16.6666666667,-22.2222222222,-37.037037037,4.8333333333,4.25,30.0,23.0,23.0,20.0,28.0,48.0,26.0,0.0,0.0,10.0,-17.0,22.0,2.0,5.4,47.0,102.0,0.30000000000000004,0.5,0.8,0.4,5.0,5.5,6.0,3.0,4.0,3.5833333333,3.4,3.0,2.8888888889,2.1333333333,23.0,24.0,24.0,28.0,29.0
s291,-11.0,-15.0,-18.0,-7.0,-7.0,-4.0,-9.0,-6.0,-11.0,10.0,9.0,15.0,16.0,60.0,1.0,-0.0,-15.0,22.0,9.0,21.0,9.0,18.0,22.0,27.0,29.0,28.0,26.0,18.0,10.0,21.0,14.0,17.0,26.0,22.2222222222,-44.4444444444,-62.962962963,4.0,2.75,36.0,33.0,28.0,23.0,34.0,49.0,32.0,1.0,4.0,6.0,-19.0,23.0,5.0,5.4,44.0,102.0,0.30000000000000004,0.1,0.6000000000000001,0.7000000000000001,6.5,2.5,3.5,4.5,3.0,3.6666666667000003,3.2,3.2222222222,2.6666666667000003,3.1333333333,22.0,12.0,13.0,22.0,38.0
s293,-22.0,-22.0,-23.0,-13.0,-11.0,-9.0,-14.0,-8.0,-12.0,8.0,10.0,17.0,28.0,39.0,0.8333333333,-0.1666666667,-12.0,12.0,13.0,17.0,6.0,12.0,26.0,29.0,33.0,39.0,33.0,25.0,16.0,9.0,17.0,7.0,27.0,38.8888888889,-0.0,-11.1111111111,4.1666666667,3.25,21.0,19.0,18.0,13.0,27.0,47.0,19.0,1.0,3.0,7.0,-18.0,17.0,2.0,3.3333333333,40.0,112.5,0.1,0.2,0.6000000000000001,0.1,6.0,4.0,1.5,2.0,5.5,3.8333333333,3.9,2.5555555556,2.6666666667000003,2.2,19.0,26.0,23.0,22.0,18.0
s294,-18.0,-16.0,-24.0,-11.0,-12.0,-7.0,-8.0,-8.0,-12.0,10.0,11.0,18.0,28.0,32.0,0.33333333330000003,-0.33333333330000003,-12.0,11.0,7.0,15.0,6.0,15.0,13.0,27.0,28.0,36.0,21.0,21.0,14.0,6.0,8.0,9.0,20.0,11.1111111111,-77.7777777778,-62.962962963,5.0,1.75,18.0,11.0,20.0,22.0,26.0,47.0,21.0,1.0,2.0,8.0,-17.0,15.0,2.0,3.0,47.0,102.0,0.2,0.30000000000000004,0.4,0.0,5.0,5.0,1.5,1.5,4.0,4.0833333333,4.2,3.0,2.6666666667000003,2.7333333333,17.0,22.0,37.0,30.0,17.0
s295,-9.0,-15.0,-16.0,-5.0,-7.0,-4.0,-10.0,-5.0,-9.0,16.0,12.0,19.0,19.0,47.0,0.5,-0.1666666667,-12.0,13.0,10.0,20.0,9.0,22.0,29.0,25.0,33.0,23.0,22.0,15.0,16.0,19.0,20.0,20.0,38.0,66.6666666667,-11.1111111111,-29.6296296296,3.8333333333,4.0,31.0,31.0,25.0,18.0,21.0,54.0,37.0,1.0,3.0,7.0,-18.0,19.0,3.0,4.6,45.0,140.0,0.6000000000000001,0.2,0.9,0.2,3.5,4.5,4.0,2.5,6.5,4.1666666667,3.7,3.4444444444,2.0,2.7333333333,18.0,11.0,30.0,20.0,26.0
s297,-20.0,-25.0,-16.0,-12.0,-8.0,-8.0,-16.0,-9.0,-8.0,14.0,13.0,19.0,26.0,38.0,0.6666666667000001,-0.1666666667,-16.0,20.0,7.0,14.0,12.0,12.0,27.0,37.0,33.0,33.0,31.0,14.0,6.0,12.0,22.0,12.0,36.0,38.8888888889,-88.8888888889,-59.2592592593,6.0,3.0,24.0,32.0,23.0,18.0,34.0,61.0,25.0,1.0,3.0,7.0,-26.0,18.0,2.0,4.1333333333,42.0,133.5,0.4,0.30000000000000004,0.7000000000000001,0.2,5.5,5.5,3.5,2.5,5.5,4.3333333333,4.0,3.1111111111,2.1111111111,3.2666666667,14.0,18.0,32.0,25.0,22.0
s301,-11.0,-19.0,-15.0,-5.0,-8.0,-6.0,-13.0,-6.0,-7.0,12.0,10.0,19.0,25.0,50.0,0.6666666667000001,-0.0,-12.0,21.0,8.0,16.0,7.0,24.0,26.0,38.0,29.0,36.0,32.0,26.0,7.0,10.0,8.0,18.0,25.0,50.0,-44.4444444444,-18.5185185185,6.1666666667,3.75,32.0,38.0,16.0,28.0,40.0,44.0,38.0,1.0,2.0,8.0,-17.0,20.0,3.0,5.0666666667,45.0,145.0,0.0,0.1,0.8,0.4,5.0,7.0,4.0,3.5,7.0,4.6666666667,4.4,4.0,2.0,2.6,11.0,11.0,28.0,17.0,30.0
s303,-10.0,-16.0,-21.0,-7.0,-10.0,-3.0,-11.0,-5.0,-11.0,13.0,11.0,18.0,13.0,52.0,0.1666666667,-0.5,-13.0,21.0,20.0,24.0,17.0,14.0,19.0,16.0,21.0,15.0,17.0,13.0,28.0,24.0,34.0,28.0,29.0,22.2222222222,-0.0,-7.4074074074,5.0,3.25,33.0,30.0,31.0,22.0,23.0,44.0,31.0,1.0,3.0,7.0,-17.0,26.0,5.0,5.1333333333,47.0,138.5,0.2,0.8,0.8,0.7000000000000001,6.5,6.0,6.5,6.0,5.0,3.9166666667000003,2.3,3.3333333333,1.5555555556,3.1333333333,22.0,17.0,19.0,28.0,32.0
s305,-9.0,-22.0,-23.0,-5.0,-14.0,-4.0,-12.0,-10.0,-9.0,10.0,6.0,16.0,21.0,34.0,0.6666666667000001,-0.1666666667,-13.0,18.0,10.0,16.0,9.0,9.0,21.0,27.0,18.0,33.0,39.0,25.0,11.0,12.0,20.0,6.0,36.0,61.1111111111,-66.6666666667,-62.962962963,5.0,4.25,34.0,37.0,25.0,23.0,32.0,39.0,25.0,1.0,2.0,8.0,-18.0,18.0,2.0,5.3333333333,47.0,113.0,0.4,0.30000000000000004,0.6000000000000001,0.2,3.0,5.5,3.5,1.0,4.5,4.3333333333,3.6,3.6666666667000003,1.6666666667,2.5333333333,14.0,18.0,30.0,16.0,19.0
s307,-11.0,-16.0,-20.0,-6.0,-12.0,-5.0,-11.0,-5.0,-8.0,16.0,14.0,19.0,19.0,49.0,0.33333333330000003,-0.33333333330000003,-12.0,22.0,18.0,15.0,9.0,13.0,21.0,26.0,36.0,26.0,32.0,16.0,17.0,15.0,24.0,26.0,35.0,22.2222222222,-0.0,-29.6296296296,6.0,5.0,31.0,27.0,36.0,26.0,20.0,50.0,30.0,1.0,3.0,7.0,-18.0,26.0,5.0,4.4666666667,45.0,138.0,0.6000000000000001,0.9,0.5,0.8,6.0,6.5,6.5,3.0,6.0,4.0,2.4,3.5555555556,2.1111111111,2.8,16.0,12.0,20.0,19.0,43.0
s309,-11.0,-20.0,-21.0,-6.0,-10.0,-5.0,-14.0,-6.0,-11.0,13.0,15.0,20.0,17.0,60.0,0.6666666667000001,-0.1666666667,-12.0,16.0,18.0,20.0,8.0,29.0,29.0,27.0,32.0,35.0,26.0,18.0,9.0,28.0,17.0,28.0,32.0,61.1111111111,-0.0,-40.7407407407,7.0,3.5,34.0,31.0,36.0,27.0,29.0,54.0,35.0,1.0,3.0,7.0,-19.0,27.0,5.0,4.8,44.0,148.0,0.1,1.0,0.9,1.0,6.5,7.0,7.0,3.0,6.5,3.6666666667000003,2.0,4.6666666667,1.5555555556,3.8,17.0,13.0,16.0,18.0,43.0
s313,-14.0,-16.0,-14.0,-9.0,-6.0,-5.0,-8.0,-8.0,-8.0,6.0,8.0,10.0,17.0,60.0,0.6666666667000001,-0.0,-12.0,13.0,11.0,24.0,6.0,6.0,6.0,30.0,31.0,27.0,30.0,15.0,16.0,16.0,22.0,15.0,29.0,100.0,-33.3333333333,-3.7037037037,1.0,5.5,33.0,11.0,18.0,14.0,28.0,28.0,36.0,3.0,7.0,3.0,-17.0,22.0,4.0,2.8666666667,47.0,146.0,0.4,0.0,0.6000000000000001,0.2,1.0,7.0,3.0,1.0,5.5,4.8333333333,3.6,1.6666666667,1.2222222222,1.6666666667,12.0,11.0,12.0,14.0,27.0
s314,-19.0,-19.0,-22.0,-13.0,-10.0,-6.0,-13.0,-6.0,-12.0,12.0,9.0,16.0,22.0,47.0,0.5,-0.5,-12.0,13.0,16.0,19.0,22.0,19.0,23.0,26.0,23.0,25.0,24.0,25.0,11.0,16.0,24.0,20.0,25.0,27.7777777778,-55.5555555556,-29.6296296296,5.6666666667,6.0,29.0,31.0,21.0,23.0,23.0,44.0,30.0,1.0,1.0,9.0,-16.0,19.0,2.0,3.8666666667,45.0,114.0,0.1,0.30000000000000004,0.4,0.4,2.0,6.0,5.0,1.5,3.0,4.0,3.5,2.1111111111,2.2222222222,2.3333333333,21.0,18.0,23.0,27.0,24.0
s316,-13.0,-20.0,-18.0,-8.0,-8.0,-5.0,-12.0,-8.0,-10.0,12.0,8.0,15.0,17.0,51.0,0.33333333330000003,-0.33333333330000003,-12.0,19.0,9.0,10.0,9.0,9.0,21.0,28.0,36.0,36.0,35.0,18.0,8.0,7.0,9.0,10.0,34.0,66.6666666667,-0.0,-22.2222222222,5.6666666667,3.25,32.0,34.0,31.0,26.0,34.0,50.0,28.0,1.0,3.0,7.0,-18.0,21.0,4.0,4.3333333333,44.0,128.0,0.2,0.6000000000000001,0.8,0.4,6.5,6.5,6.0,3.0,5.5,4.0,2.7,3.7777777778,2.6666666667000003,2.9333333333000002,22.0,18.0,16.0,14.0,26.0
s326,-18.0,-20.0,-17.0,-11.0,-8.0,-7.0,-12.0,-8.0,-9.0,12.0,9.0,15.0,14.0,50.0,0.8333333333,-0.0,-12.0,13.0,17.0,16.0,11.0,17.0,27.0,22.0,20.0,15.0,14.0,10.0,11.0,12.0,25.0,19.0,33.0,27.7777777778,-33.3333333333,-37.037037037,5.0,5.0,30.0,29.0,18.0,28.0,28.0,43.0,30.0,1.0,5.0,5.0,-16.0,19.0,3.0,3.5333333333,43.0,124.0,0.4,0.7000000000000001,0.7000000000000001,0.6000000000000001,5.0,5.0,5.0,2.0,5.5,4.25,3.5,2.7777777778,2.4444444444,2.3333333333,20.0,12.0,24.0,28.0,28.0
s327,-19.0,-22.0,-20.0,-12.0,-11.0,-7.0,-13.0,-9.0,-9.0,12.0,13.0,20.0,23.0,47.0,0.33333333330000003,-0.1666666667,-13.0,19.0,13.0,31.0,8.0,28.0,31.0,32.0,27.0,34.0,21.0,8.0,8.0,15.0,17.0,17.0,38.0,66.6666666667,-44.4444444444,-62.962962963,6.1666666667,2.75,31.0,34.0,26.0,24.0,38.0,50.0,32.0,1.0,3.0,7.0,-18.0,21.0,3.0,4.6666666667,43.0,132.0,0.4,0.6000000000000001,0.7000000000000001,0.4,7.0,6.5,5.5,2.0,7.0,4.25,4.1,4.2222222222,2.5555555556,4.0666666667,17.0,12.0,26.0,30.0,35.0
s328,-12.0,-13.0,-15.0,-6.0,-8.0,-6.0,-9.0,-4.0,-7.0,14.0,9.0,15.0,10.0,58.0,0.6666666667000001,-0.33333333330000003,-13.0,20.0,16.0,28.0,8.0,17.0,24.0,35.0,37.0,40.0,34.0,18.0,6.0,9.0,6.0,23.0,30.0,16.6666666667,-0.0,-29.6296296296,5.5,3.0,39.0,36.0,36.0,22.0,29.0,48.0,37.0,1.0,3.0,7.0,-16.0,26.0,5.0,5.4,47.0,136.0,0.0,0.1,0.6000000000000001,0.4,7.0,6.5,6.5,6.0,6.5,4.0833333333,2.1,4.3333333333,1.5555555556,2.6,20.0,14.0,16.0,17.0,38.0
s329,-14.0,-20.0,-20.0,-10.0,-8.0,-4.0,-13.0,-7.0,-12.0,9.0,12.0,16.0,18.0,50.0,0.5,-0.5,-12.0,15.0,14.0,13.0,7.0,14.0,29.0,36.0,35.0,36.0,35.0,24.0,9.0,16.0,11.0,14.0,41.0,44.4444444444,-22.2222222222,-11.1111111111,6.0,2.0,31.0,31.0,33.0,26.0,21.0,50.0,39.0,1.0,1.0,9.0,-16.0,20.0,2.0,4.9333333333,46.0,142.0,0.1,0.0,0.6000000000000001,0.6000000000000001,6.5,6.5,6.0,3.5,5.0,3.8333333333,2.9,2.3333333333,2.1111111111,3.1333333333,15.0,13.0,16.0,17.0,29.0
s332,-18.0,-23.0,-25.0,-11.0,-11.0,-7.0,-14.0,-9.0,-14.0,12.0,11.0,15.0,16.0,42.0,0.8333333333,-0.0,-14.0,16.0,21.0,25.0,19.0,25.0,23.0,15.0,12.0,16.0,17.0,14.0,21.0,25.0,23.0,27.0,30.0,16.6666666667,-33.3333333333,-51.8518518519,6.0,5.5,24.0,29.0,25.0,26.0,28.0,45.0,23.0,1.0,2.0,8.0,-19.0,28.0,3.0,3.8,44.0,112.0,0.7777777778,0.4,0.7777777778,1.0,5.0,5.0,4.5,2.5,5.0,3.3333333333,2.9,3.1111111111,3.5555555556,3.3333333333,24.0,21.0,28.0,35.0,35.0
s333,-10.0,-20.0,-22.0,-7.0,-11.0,-3.0,-13.0,-7.0,-11.0,13.0,11.0,18.0,19.0,52.0,0.8333333333,-0.1666666667,-12.0,19.0,17.0,25.0,10.0,14.0,24.0,20.0,21.0,30.0,17.0,12.0,12.0,18.0,11.0,13.0,36.0,33.3333333333,-11.1111111111,-37.037037037,5.1666666667,1.75,37.0,34.0,34.0,26.0,26.0,53.0,35.0,1.0,3.0,7.0,-16.0,23.0,1.0,5.3333333333,45.0,137.0,0.1,0.0,0.30000000000000004,0.2,6.5,6.5,7.0,4.5,5.0,4.0,1.9,3.5555555556,2.1111111111,2.8666666667,19.0,14.0,20.0,15.0,27.0
s334,-11.0,-20.0,-19.0,-8.0,-10.0,-3.0,-15.0,-5.0,-9.0,12.0,10.0,14.0,17.0,52.0,0.6666666667000001,-0.33333333330000003,-13.0,18.0,11.0,15.0,14.0,17.0,20.0,24.0,30.0,23.0,22.0,13.0,12.0,15.0,20.0,30.0,29.0,0.0,-0.0,-7.4074074074,6.0,4.75,26.0,29.0,32.0,27.0,31.0,48.0,34.0,1.0,1.0,9.0,-17.0,21.0,3.0,3.5333333333,42.0,125.0,0.1,0.30000000000000004,0.5,0.7000000000000001,6.5,6.0,7.0,3.0,4.5,3.6666666667000003,2.3,4.0,1.8888888889,2.7333333333,21.0,18.0,19.0,15.0,34.0
s336,-18.0,-23.0,-34.0,-14.0,-16.0,-4.0,-15.0,-8.0,-18.0,9.0,9.0,15.0,19.0,40.0,0.6666666667000001,-0.1666666667,-15.0,15.0,15.0,25.0,12.0,16.0,21.0,22.0,23.0,30.0,23.0,16.0,13.0,18.0,13.0,11.0,24.0,27.7777777778,-66.6666666667,-74.0740740741,5.0,5.75,24.0,22.0,27.0,21.0,18.0,40.0,24.0,1.0,3.0,7.0,-18.0,17.0,1.0,3.6666666667000003,39.0,97.0,0.1,0.2,0.30000000000000004,0.1,2.5,4.5,6.0,2.0,3.5,2.5833333333,3.0,3.3333333333,3.5555555556,3.0666666667,22.0,23.0,27.0,29.0,27.0
s339,-9.0,-18.0,-14.0,-6.0,-6.0,-3.0,-12.0,-6.0,-8.0,11.0,11.0,17.0,20.0,51.0,0.33333333330000003,-0.6666666667000001,-13.0,17.0,7.0,11.0,6.0,18.0,25.0,34.0,29.0,34.0,26.0,9.0,6.0,6.0,11.0,16.0,37.0,27.7777777778,-33.3333333333,-33.3333333333,3.6666666667000003,1.5,34.0,35.0,36.0,22.0,33.0,53.0,30.0,1.0,1.0,9.0,-18.0,19.0,3.0,5.6,40.0,128.0,0.30000000000000004,0.2,0.4,0.6000000000000001,6.0,7.0,5.0,5.0,5.5,3.5,1.7000000000000002,4.1111111111,2.1111111111,2.8,20.0,17.0,20.0,14.0,25.0
s343,-19.0,-16.0,-25.0,-13.0,-11.0,-6.0,-9.0,-7.0,-14.0,8.0,9.0,18.0,28.0,28.0,0.6666666667000001,-0.33333333330000003,-12.0,11.0,16.0,21.0,8.0,14.0,26.0,25.0,32.0,25.0,22.0,18.0,13.0,11.0,17.0,8.0,28.0,55.5555555556,-55.5555555556,-33.3333333333,4.6666666667,4.0,17.0,22.0,13.0,18.0,29.0,35.0,18.0,1.0,4.0,6.0,-17.0,15.0,3.0,3.2,45.0,81.5,0.4,0.6000000000000001,0.7000000000000001,0.0,5.0,2.5,1.5,2.0,3.0,3.6666666667000003,3.8,2.2222222222,2.0,2.6666666667000003,15.0,27.0,29.0,18.0,20.0
s346,-10.0,-16.0,-17.0,-5.0,-10.0,-5.0,-11.0,-5.0,-7.0,12.0,12.0,16.0,14.0,59.0,0.8333333333,-0.0,-12.0,20.0,12.0,18.0,7.0,13.0,26.0,28.0,32.0,29.0,24.0,17.0,7.0,16.0,14.0,23.0,38.0,61.1111111111,-44.4444444444,-37.037037037,4.6666666667,1.75,40.0,40.0,39.0,32.0,21.0,46.0,35.0,1.0,4.0,6.0,-16.0,25.0,4.0,5.9333333333,47.0,149.0,0.2,0.7000000000000001,0.8,0.6000000000000001,5.5,7.0,7.0,4.5,6.5,4.4166666667,1.9,3.7777777778,1.4444444444,2.7333333333,16.0,14.0,15.0,14.0,32.0
s351,-14.0,-16.0,-19.0,-9.0,-12.0,-5.0,-11.0,-5.0,-7.0,12.0,9.0,20.0,25.0,64.0,0.33333333330000003,-0.6666666667000001,-12.0,19.0,6.0,13.0,6.0,9.0,20.0,28.0,27.0,33.0,30.0,17.0,9.0,14.0,14.0,10.0,28.0,77.7777777778,-33.3333333333,-7.4074074074,5.6666666667,1.75,40.0,34.0,34.0,14.0,32.0,42.0,39.0,0.0,0.0,10.0,-16.0,15.0,4.0,6.0,47.0,141.0,0.0,0.30000000000000004,0.30000000000000004,0.0,7.0,7.0,4.0,6.0,6.0,4.5833333333,1.7000000000000002,4.4444444444,1.4444444444,2.3333333333,14.0,10.0,13.0,14.0,21.0
s352,-20.0,-16.0,-14.0,-9.0,-8.0,-11.0,-11.0,-5.0,-6.0,15.0,8.0,19.0,28.0,50.0,0.33333333330000003,-0.33333333330000003,-15.0,16.0,7.0,14.0,12.0,18.0,33.0,40.0,41.0,36.0,33.0,23.0,8.0,6.0,22.0,15.0,40.0,44.4444444444,-88.8888888889,-44.4444444444,5.8333333333,5.25,33.0,34.0,26.0,11.0,25.0,52.0,33.0,4.0,8.0,2.0,-21.0,18.0,2.0,4.3333333333,47.0,145.0,0.6000000000000001,0.30000000000000004,0.5,0.2,4.0,7.0,1.5,6.0,6.5,4.75,3.1,4.2222222222,1.3333333333000001,2.8666666667,12.0,11.0,34.0,20.0,22.0
s357,-12.0,-15.0,-17.0,-7.0,-9.0,-5.0,-8.0,-7.0,-8.0,10.0,7.0,12.0,14.0,54.0,0.8333333333,-0.0,-12.0,12.0,15.0,16.0,9.0,20.0,33.0,28.0,31.0,34.0,21.0,17.0,8.0,17.0,14.0,17.0,38.0,44.4444444444,-0.0,-7.4074074074,6.3333333333,5.75,35.0,32.0,40.0,24.0,23.0,42.0,35.0,1.0,2.0,8.0,-16.0,19.0,3.0,4.6666666667,46.0,136.0,0.2,0.2,0.8,0.4,5.5,7.0,7.0,6.0,6.0,4.6666666667,2.3,2.4444444444,1.3333333333000001,1.9333333333,15.0,11.0,14.0,14.0,25.0
s359,-11.0,-22.0,-23.0,-7.0,-11.0,-4.0,-13.0,-9.0,-12.0,11.0,10.0,17.0,16.0,54.0,1.0,-0.0,-17.0,15.0,7.0,17.0,6.0,16.0,12.0,24.0,12.0,33.0,11.0,14.0,13.0,23.0,11.0,24.0,19.0,22.2222222222,-0.0,-0.0,5.1666666667,5.25,40.0,28.0,36.0,14.0,12.0,43.0,31.0,1.0,4.0,6.0,-19.0,28.0,2.0,5.3333333333,45.0,107.5,0.30000000000000004,0.0,0.4,0.7000000000000001,6.5,6.5,6.0,6.0,5.5,3.25,3.0,3.6666666667000003,3.1111111111,3.4,23.0,20.0,25.0,32.0,35.0
s365,-18.0,-23.0,-29.0,-10.0,-14.0,-8.0,-14.0,-9.0,-15.0,8.0,13.0,11.0,23.0,37.0,0.8333333333,-0.0,-12.0,12.0,17.0,32.0,11.0,22.0,20.0,24.0,32.0,15.0,21.0,15.0,9.0,27.0,24.0,32.0,33.0,16.6666666667,-100.0,-81.4814814815,4.0,6.5,22.0,8.0,20.0,21.0,18.0,22.0,25.0,1.0,3.0,7.0,-22.0,28.0,2.0,2.6,43.0,80.0,0.30000000000000004,0.6000000000000001,0.7000000000000001,0.8,6.5,4.0,3.0,1.0,4.0,3.5833333333,4.7,2.3333333333,3.0,3.2666666667,21.0,23.0,36.0,28.0,41.0
s368,-13.0,-17.0,-20.0,-7.0,-12.0,-6.0,-10.0,-7.0,-8.0,7.0,6.0,14.0,23.0,53.0,0.33333333330000003,-0.1666666667,-12.0,14.0,6.0,28.0,6.0,16.0,24.0,42.0,29.0,42.0,38.0,27.0,6.0,17.0,10.0,14.0,28.0,61.1111111111,-55.5555555556,-44.4444444444,4.8333333333,5.0,31.0,37.0,30.0,24.0,33.0,45.0,30.0,1.0,4.0,6.0,-16.0,16.0,1.0,4.8666666667000005,46.0,125.0,0.0,0.1,0.4,0.1,7.0,6.5,3.0,5.0,5.0,4.0833333333,4.1,4.1111111111,3.0,2.4666666667,11.0,18.0,18.0,15.0,15.0
s369,-14.0,-19.0,-18.0,-7.0,-8.0,-7.0,-13.0,-6.0,-10.0,14.0,12.0,20.0,18.0,56.0,0.0,-0.6666666667000001,-13.0,21.0,11.0,26.0,8.0,14.0,25.0,28.0,23.0,29.0,31.0,10.0,10.0,22.0,16.0,14.0,34.0,61.1111111111,-55.5555555556,-22.2222222222,4.5,2.0,29.0,36.0,33.0,19.0,34.0,51.0,32.0,2.0,1.0,9.0,-21.0,26.0,3.0,4.4666666667,44.0,133.0,0.7000000000000001,0.8,0.9,0.4,4.0,6.5,3.0,4.5,6.5,4.0833333333,4.1,2.1111111111,1.6666666667,3.4666666667,22.0,14.0,35.0,27.0,36.0
s372,-8.0,-16.0,-13.0,-5.0,-7.0,-3.0,-9.0,-7.0,-6.0,12.0,9.0,18.0,21.0,64.0,0.6666666667000001,-0.1666666667,-12.0,12.0,6.0,17.0,7.0,18.0,24.0,36.0,30.0,39.0,27.0,17.0,6.0,12.0,6.0,6.0,21.0,72.2222222222,-11.1111111111,-11.1111111111,4.6666666667,4.0,39.0,40.0,27.0,22.0,40.0,52.0,40.0,1.0,3.0,7.0,-16.0,18.0,2.0,5.6,47.0,150.0,0.1,0.2,0.1,0.1,7.0,7.0,7.0,7.0,7.0,4.8333333333,1.1,3.4444444444,1.0,2.7333333333,13.0,10.0,14.0,16.0,25.0
s373,-17.0,-24.0,-29.0,-10.0,-12.0,-7.0,-15.0,-9.0,-17.0,12.0,13.0,16.0,22.0,27.0,0.5,-0.0,-17.0,12.0,18.0,21.0,13.0,24.0,26.0,22.0,29.0,32.0,33.0,21.0,11.0,15.0,18.0,14.0,25.0,38.8888888889,-100.0,-74.0740740741,2.8333333333,4.5,23.0,20.0,22.0,19.0,23.0,27.0,19.0,1.0,3.0,7.0,-25.0,24.0,2.0,2.8,45.0,107.0,0.7777777778,0.30000000000000004,0.5,0.4444444444,5.5,4.5,1.5,1.5,2.5,3.5833333333,3.9,2.7777777778,2.7777777778,3.1333333333,22.0,23.0,38.0,46.0,35.0
s376,-16.0,-18.0,-21.0,-10.0,-10.0,-6.0,-13.0,-5.0,-11.0,10.0,11.0,15.0,21.0,41.0,0.8333333333,-0.0,-12.0,13.0,22.0,22.0,15.0,16.0,20.0,31.0,30.0,30.0,32.0,26.0,18.0,20.0,20.0,14.0,22.0,44.4444444444,-33.3333333333,-44.4444444444,5.0,4.25,32.0,25.0,32.0,21.0,24.0,39.0,30.0,1.0,6.0,4.0,-16.0,18.0,2.0,4.1333333333,47.0,115.0,0.1,0.5,0.30000000000000004,0.4,5.0,5.0,5.0,3.0,4.5,3.75,3.1,3.4444444444,2.4444444444,2.8,22.0,20.0,24.0,28.0,29.0
s380,-14.0,-16.0,-17.0,-10.0,-8.0,-4.0,-9.0,-7.0,-9.0,12.0,13.0,17.0,23.0,56.0,0.1666666667,-0.8333333333,-13.0,13.0,6.0,17.0,7.0,24.0,26.0,34.0,34.0,42.0,37.0,23.0,6.0,16.0,6.0,11.0,30.0,50.0,-88.8888888889,-22.2222222222,4.3333333333,3.0,40.0,33.0,40.0,25.0,29.0,38.0,33.0,0.0,0.0,10.0,-16.0,16.0,3.0,5.6666666667,45.0,126.0,0.0,0.0,0.5,0.2,7.0,7.0,4.0,3.5,6.5,4.4166666667,2.2,4.0,1.6666666667,2.6666666667000003,12.0,14.0,16.0,17.0,19.0
s383,-16.0,-20.0,-23.0,-12.0,-11.0,-4.0,-13.0,-7.0,-12.0,11.0,8.0,15.0,22.0,41.0,0.6666666667000001,-0.33333333330000003,-12.0,16.0,18.0,18.0,15.0,21.0,28.0,31.0,34.0,30.0,31.0,20.0,15.0,14.0,18.0,16.0,32.0,55.5555555556,-55.5555555556,-37.037037037,5.3333333333,3.0,29.0,27.0,24.0,23.0,26.0,39.0,24.0,1.0,3.0,7.0,-19.0,16.0,2.0,4.4,45.0,118.0,0.1,0.4,0.6000000000000001,0.1,6.0,6.5,6.0,2.0,3.5,3.5,2.4,3.8888888889,2.1111111111,2.7333333333,20.0,22.0,27.0,17.0,22.0
s388,-12.0,-17.0,-22.0,-7.0,-9.0,-5.0,-12.0,-5.0,-13.0,12.0,13.0,18.0,19.0,49.0,0.6666666667000001,-0.33333333330000003,-14.0,21.0,10.0,20.0,9.0,20.0,25.0,29.0,28.0,33.0,27.0,20.0,11.0,19.0,22.0,31.0,38.0,50.0,-55.5555555556,-51.8518518519,3.6666666667000003,3.25,25.0,25.0,30.0,23.0,28.0,53.0,30.0,1.0,4.0,6.0,-21.0,27.0,3.0,4.4666666667,41.0,117.0,0.2,0.5,0.5,0.9,6.5,6.0,5.5,4.5,7.0,3.0833333333,2.3,4.5555555556,2.7777777778,3.6666666667000003,21.0,17.0,23.0,28.0,44.0
s391,-18.0,-21.0,-25.0,-10.0,-13.0,-8.0,-13.0,-8.0,-12.0,16.0,13.0,20.0,28.0,39.0,0.33333333330000003,-0.33333333330000003,-12.0,15.0,24.0,30.0,7.0,18.0,29.0,29.0,33.0,32.0,29.0,14.0,15.0,18.0,8.0,9.0,34.0,38.8888888889,-77.7777777778,-48.1481481481,4.0,2.75,31.0,37.0,15.0,22.0,16.0,48.0,29.0,1.0,3.0,7.0,-19.0,16.0,2.0,4.3333333333,45.0,137.0,0.4,0.4,0.4,0.2,6.0,5.5,2.0,1.5,6.0,4.25,4.8,2.1111111111,2.2222222222,3.6,14.0,13.0,36.0,15.0,27.0
s396,-17.0,-19.0,-21.0,-11.0,-11.0,-6.0,-11.0,-8.0,-10.0,8.0,7.0,10.0,16.0,53.0,1.0,-0.0,-12.0,13.0,23.0,31.0,11.0,22.0,27.0,26.0,30.0,31.0,20.0,18.0,11.0,16.0,17.0,15.0,30.0,38.8888888889,-66.6666666667,-37.037037037,3.5,5.5,33.0,13.0,25.0,25.0,30.0,33.0,33.0,1.0,3.0,7.0,-17.0,18.0,2.0,3.8666666667,45.0,113.0,0.5,0.30000000000000004,0.5,0.30000000000000004,3.5,6.0,6.0,1.0,3.0,4.5833333333,2.7,3.3333333333,1.7777777778,2.0666666667,14.0,12.0,24.0,18.0,27.0
s397,-18.0,-17.0,-26.0,-12.0,-14.0,-6.0,-9.0,-8.0,-12.0,8.0,10.0,13.0,20.0,42.0,0.6666666667000001,-0.33333333330000003,-12.0,12.0,15.0,19.0,7.0,16.0,21.0,22.0,24.0,30.0,24.0,15.0,16.0,14.0,15.0,14.0,30.0,38.8888888889,-33.3333333333,-40.7407407407,4.8333333333,5.25,23.0,17.0,29.0,24.0,22.0,40.0,18.0,1.0,3.0,7.0,-19.0,20.0,3.0,3.8,46.0,80.0,0.1,0.5,0.6000000000000001,0.2,4.5,5.5,5.5,3.0,4.0,3.6666666667000003,3.2,4.1111111111,2.7777777778,2.8,20.0,24.0,24.0,26.0,25.0
s402,-15.0,-17.0,-25.0,-9.0,-10.0,-6.0,-11.0,-6.0,-15.0,7.0,10.0,15.0,18.0,39.0,0.5,-0.1666666667,-12.0,11.0,9.0,6.0,7.0,19.0,16.0,30.0,36.0,27.0,28.0,14.0,6.0,6.0,17.0,16.0,31.0,44.4444444444,-33.3333333333,-33.3333333333,5.0,4.0,23.0,24.0,18.0,22.0,23.0,38.0,18.0,1.0,2.0,8.0,-19.0,21.0,1.0,4.0,41.0,99.0,0.0,0.0,0.7000000000000001,0.5,5.5,4.0,5.0,1.0,5.5,3.25,3.7,4.0,2.4444444444,3.2,22.0,24.0,26.0,22.0,27.0
s403,-28.0,-20.0,-31.0,-19.0,-16.0,-9.0,-12.0,-8.0,-15.0,7.0,7.0,17.0,28.0,26.0,0.1666666667,-0.5,-17.0,11.0,18.0,26.0,9.0,7.0,29.0,28.0,29.0,38.0,28.0,21.0,18.0,16.0,13.0,6.0,28.0,16.6666666667,-100.0,-74.0740740741,3.8333333333,2.75,18.0,17.0,11.0,11.0,26.0,48.0,11.0,3.0,5.0,5.0,-20.0,15.0,1.0,2.5333333333,42.0,73.0,0.30000000000000004,0.30000000000000004,0.4,0.1,4.0,5.0,1.0,1.0,2.0,3.1666666667,4.7,1.7777777778,3.7777777778,2.8,17.0,28.0,44.0,32.0,14.0
s408,-23.0,-25.0,-29.0,-16.0,-11.0,-7.0,-19.0,-6.0,-18.0,6.0,10.0,17.0,28.0,30.0,0.6666666667000001,-0.33333333330000003,-22.0,16.0,9.0,12.0,6.0,24.0,20.0,36.0,38.0,37.0,32.0,18.0,9.0,6.0,12.0,8.0,20.0,0.0,-22.2222222222,-25.9259259259,1.8333333333000001,2.75,32.0,18.0,31.0,15.0,18.0,36.0,14.0,1.0,1.0,9.0,-27.0,18.0,1.0,4.5333333333,34.0,51.0,0.2,0.4,0.6000000000000001,0.2,5.0,1.5,1.0,4.5,2.5,1.5,4.2,2.4444444444,3.5555555556,3.2,29.0,29.0,41.0,14.0,27.0
s409,-14.0,-15.0,-23.0,-9.0,-12.0,-5.0,-8.0,-7.0,-11.0,11.0,9.0,15.0,24.0,57.0,0.8333333333,-0.1666666667,-12.0,11.0,11.0,13.0,7.0,8.0,20.0,28.0,32.0,30.0,37.0,17.0,10.0,14.0,11.0,6.0,29.0,50.0,-33.3333333333,-29.6296296296,4.6666666667,2.75,31.0,32.0,33.0,18.0,20.0,40.0,29.0,1.0,2.0,8.0,-16.0,17.0,2.0,4.7333333333,47.0,118.0,0.0,0.2,0.30000000000000004,0.1,6.0,5.5,3.5,2.0,5.0,4.0,3.4,2.7777777778,2.3333333333,2.2666666667,22.0,20.0,25.0,28.0,24.0
s411,-11.0,-16.0,-18.0,-7.0,-10.0,-4.0,-10.0,-6.0,-8.0,7.0,8.0,15.0,17.0,55.0,1.0,-0.0,-12.0,12.0,10.0,16.0,10.0,26.0,22.0,32.0,37.0,34.0,30.0,22.0,10.0,12.0,13.0,8.0,24.0,38.8888888889,-0.0,-14.8148148148,5.6666666667,4.0,39.0,31.0,28.0,22.0,21.0,39.0,32.0,1.0,3.0,7.0,-16.0,18.0,3.0,5.3333333333,46.0,121.0,0.30000000000000004,0.6000000000000001,0.5,0.4,6.0,6.0,6.5,6.0,5.5,3.8333333333,1.8,3.7777777778,2.3333333333,2.4666666667,16.0,17.0,17.0,14.0,20.0
s420,-26.0,-29.0,-33.0,-16.0,-16.0,-10.0,-22.0,-7.0,-17.0,13.0,15.0,20.0,25.0,18.0,1.0,-0.0,-15.0,13.0,6.0,10.0,6.0,26.0,17.0,30.0,38.0,35.0,26.0,13.0,7.0,6.0,16.0,32.0,33.0,66.6666666667,-44.4444444444,-14.8148148148,5.0,2.5,18.0,14.0,15.0,13.0,32.0,39.0,20.0,1.0,1.0,9.0,-25.0,24.0,2.0,3.8,41.0,100.5,0.2,0.4,0.5,0.30000000000000004,3.0,4.0,2.0,2.5,4.0,3.5833333333,4.4,2.3333333333,2.2222222222,3.8,22.0,26.0,30.0,32.0,33.0
s425,-20.0,-16.0,-23.0,-10.0,-12.0,-10.0,-10.0,-6.0,-11.0,10.0,14.0,17.0,26.0,34.0,0.5,-0.33333333330000003,-12.0,11.0,18.0,20.0,11.0,15.0,22.0,25.0,23.0,35.0,33.0,22.0,16.0,13.0,16.0,10.0,28.0,61.1111111111,-55.5555555556,-25.9259259259,4.3333333333,2.0,25.0,34.0,30.0,19.0,35.0,43.0,19.0,1.0,6.0,4.0,-18.0,18.0,1.0,3.6,42.0,113.0,0.2,0.9,0.7000000000000001,0.0,6.0,4.5,2.0,5.5,6.5,3.75,4.3,4.3333333333,2.8888888889,3.2,13.0,21.0,33.0,30.0,22.0
s427,-16.0,-18.0,-22.0,-10.0,-10.0,-6.0,-12.0,-6.0,-12.0,12.0,8.0,18.0,17.0,47.0,1.0,-0.0,-13.0,20.0,18.0,21.0,14.0,21.0,22.0,30.0,22.0,23.0,18.0,16.0,11.0,24.0,15.0,20.0,22.0,66.6666666667,-33.3333333333,-62.962962963,5.6666666667,5.25,28.0,24.0,24.0,25.0,17.0,42.0,30.0,1.0,4.0,6.0,-16.0,19.0,5.0,3.9333333333000002,46.0,125.0,0.1,0.7000000000000001,0.4,0.4,5.5,6.0,6.0,5.0,3.5,4.0833333333,2.3,3.7777777778,2.1111111111,2.6,21.0,17.0,25.0,27.0,27.0
s429,-13.0,-15.0,-13.0,-6.0,-7.0,-7.0,-11.0,-4.0,-6.0,14.0,12.0,20.0,22.0,55.0,0.0,-0.8333333333,-12.0,17.0,14.0,30.0,10.0,28.0,21.0,29.0,37.0,32.0,28.0,30.0,18.0,30.0,31.0,31.0,33.0,5.5555555556,-88.8888888889,-55.5555555556,5.8333333333,5.0,39.0,29.0,17.0,31.0,40.0,60.0,31.0,1.0,9.0,1.0,-16.0,28.0,1.0,5.9333333333,45.0,137.0,0.30000000000000004,0.9,0.7000000000000001,1.0,4.5,6.5,6.5,4.0,5.0,4.3333333333,4.1,4.3333333333,2.7777777778,3.4,11.0,10.0,17.0,21.0,46.0
s430,-14.0,-18.0,-23.0,-8.0,-13.0,-6.0,-11.0,-7.0,-10.0,12.0,9.0,17.0,24.0,48.0,0.1666666667,-0.6666666667000001,-12.0,11.0,6.0,14.0,7.0,10.0,21.0,35.0,35.0,34.0,27.0,20.0,8.0,10.0,11.0,17.0,23.0,33.3333333333,-0.0,-29.6296296296,5.0,4.75,33.0,29.0,33.0,23.0,20.0,50.0,30.0,1.0,5.0,5.0,-18.0,16.0,2.0,6.0,45.0,123.0,0.2,0.1,0.4,0.1,6.0,6.0,6.0,2.5,3.5,3.5833333333,2.5,4.5555555556,2.2222222222,3.0,16.0,13.0,22.0,17.0,20.0
s434,-11.0,-21.0,-21.0,-6.0,-9.0,-5.0,-14.0,-7.0,-12.0,8.0,10.0,16.0,23.0,52.0,0.8333333333,-0.1666666667,-13.0,12.0,20.0,18.0,14.0,19.0,27.0,31.0,34.0,29.0,29.0,15.0,12.0,12.0,18.0,12.0,34.0,50.0,-55.5555555556,-33.3333333333,5.1666666667,3.0,32.0,32.0,28.0,25.0,27.0,49.0,33.0,1.0,2.0,8.0,-16.0,19.0,2.0,4.2666666667,48.0,130.0,0.0,0.2,0.4,0.4,6.0,6.0,5.0,3.5,5.5,4.0833333333,3.1,3.2222222222,2.3333333333,2.5333333333,15.0,11.0,17.0,15.0,25.0
s441,-23.0,-30.0,-28.0,-13.0,-13.0,-10.0,-20.0,-10.0,-15.0,15.0,16.0,20.0,21.0,24.0,0.1666666667,-0.6666666667000001,-13.0,22.0,13.0,10.0,10.0,19.0,23.0,25.0,28.0,18.0,19.0,9.0,9.0,12.0,22.0,18.0,40.0,38.8888888889,-11.1111111111,-33.3333333333,5.0,4.75,23.0,37.0,27.0,24.0,32.0,50.0,16.0,1.0,5.0,5.0,-27.0,26.0,1.0,3.8,42.0,113.5,0.1,0.6000000000000001,0.7000000000000001,0.7000000000000001,4.0,3.5,6.0,1.5,7.0,3.3333333333,4.8,2.7777777778,3.2222222222,3.3333333333,22.0,24.0,41.0,44.0,31.0
s446,-11.0,-17.0,-18.0,-7.0,-8.0,-4.0,-10.0,-7.0,-10.0,8.0,9.0,10.0,26.0,49.0,0.6666666667000001,-0.1666666667,-12.0,12.0,23.0,16.0,17.0,18.0,22.0,22.0,32.0,26.0,22.0,22.0,23.0,12.0,22.0,26.0,27.0,16.6666666667,-0.0,-25.9259259259,4.0,6.25,31.0,22.0,26.0,17.0,25.0,48.0,21.0,1.0,2.0,8.0,-16.0,20.0,4.0,4.5333333333,45.0,124.0,0.4,0.2,0.4,0.6000000000000001,2.0,6.0,4.0,1.0,4.0,3.75,3.4,2.1111111111,1.3333333333000001,2.2,12.0,22.0,19.0,15.0,28.0
s449,-13.0,-18.0,-22.0,-7.0,-12.0,-6.0,-10.0,-8.0,-10.0,11.0,10.0,14.0,26.0,37.0,1.0,-0.0,-12.0,11.0,15.0,18.0,14.0,19.0,28.0,23.0,29.0,27.0,25.0,18.0,13.0,16.0,17.0,16.0,36.0,50.0,-100.0,-44.4444444444,4.0,3.75,32.0,29.0,22.0,16.0,27.0,34.0,25.0,1.0,4.0,6.0,-17.0,19.0,4.0,3.4666666667,45.0,107.5,0.2,0.8,0.5,0.30000000000000004,4.0,6.0,2.5,2.5,5.5,4.3333333333,4.1,3.8888888889,3.0,2.2,14.0,18.0,27.0,20.0,24.0
s450,-14.0,-14.0,-22.0,-6.0,-10.0,-8.0,-7.0,-7.0,-12.0,12.0,11.0,19.0,25.0,46.0,0.8333333333,-0.0,-12.0,16.0,9.0,18.0,7.0,13.0,24.0,31.0,36.0,38.0,33.0,30.0,10.0,15.0,9.0,18.0,29.0,27.7777777778,-66.6666666667,-40.7407407407,5.0,2.25,34.0,29.0,26.0,19.0,21.0,34.0,30.0,1.0,2.0,8.0,-17.0,23.0,2.0,4.3333333333,46.0,119.0,0.4,0.2,0.7000000000000001,0.7000000000000001,4.0,6.0,3.5,2.0,5.5,4.1666666667,4.4,4.0,1.8888888889,3.0,16.0,17.0,29.0,25.0,35.0
s451,-14.0,-15.0,-16.0,-10.0,-7.0,-4.0,-9.0,-6.0,-9.0,7.0,7.0,14.0,24.0,53.0,0.8333333333,-0.0,-12.0,13.0,12.0,14.0,7.0,6.0,33.0,21.0,20.0,27.0,27.0,12.0,11.0,10.0,13.0,6.0,36.0,33.3333333333,-11.1111111111,-3.7037037037,5.1666666667,2.25,33.0,39.0,36.0,20.0,32.0,40.0,35.0,1.0,2.0,8.0,-17.0,16.0,3.0,5.0,46.0,133.5,0.1,0.30000000000000004,0.7000000000000001,0.0,6.0,6.0,6.5,2.5,6.0,4.6666666667,1.8,3.2222222222,1.0,2.0,18.0,13.0,18.0,14.0,13.0
s453,-14.0,-22.0,-26.0,-9.0,-12.0,-5.0,-15.0,-7.0,-14.0,13.0,14.0,19.0,8.0,46.0,0.33333333330000003,-0.0,-15.0,17.0,6.0,23.0,11.0,19.0,22.0,31.0,36.0,12.0,22.0,11.0,8.0,13.0,23.0,16.0,24.0,61.1111111111,-22.2222222222,-25.9259259259,4.6666666667,3.0,28.0,24.0,32.0,23.0,23.0,51.0,27.0,0.0,0.0,10.0,-17.0,26.0,2.0,4.0666666667,40.0,111.0,0.5,0.8,0.6000000000000001,0.9,5.5,6.0,6.5,2.5,6.0,3.5,4.0,3.5555555556,2.7777777778,3.0,20.0,18.0,15.0,17.0,35.0
s456,-16.0,-25.0,-26.0,-9.0,-15.0,-7.0,-18.0,-7.0,-11.0,13.0,13.0,17.0,15.0,39.0,0.6666666667000001,-0.1666666667,-16.0,14.0,16.0,25.0,13.0,26.0,19.0,30.0,26.0,33.0,28.0,16.0,15.0,25.0,12.0,27.0,25.0,72.2222222222,-66.6666666667,-55.5555555556,4.3333333333,6.0,21.0,28.0,24.0,28.0,32.0,54.0,24.0,1.0,1.0,9.0,-26.0,25.0,6.0,4.1333333333,43.0,118.0,0.4,0.6000000000000001,0.6000000000000001,0.9,5.5,5.5,6.0,3.5,6.5,3.6666666667000003,2.6,3.6666666667000003,3.0,3.8666666667,17.0,11.0,18.0,24.0,42.0
s459,-23.0,-29.0,-28.0,-15.0,-14.0,-8.0,-19.0,-10.0,-14.0,10.0,9.0,18.0,24.0,26.0,0.6666666667000001,-0.33333333330000003,-16.0,18.0,14.0,26.0,13.0,18.0,26.0,27.0,21.0,26.0,31.0,14.0,16.0,13.0,18.0,10.0,35.0,27.7777777778,-100.0,-62.962962963,4.8333333333,1.5,23.0,36.0,26.0,16.0,22.0,48.0,17.0,1.0,5.0,5.0,-19.0,18.0,2.0,4.2666666667,43.0,113.0,0.1,0.6000000000000001,0.30000000000000004,0.0,6.5,2.5,5.5,6.0,5.0,3.6666666667000003,4.0,2.5555555556,1.5555555556,3.5333333333,25.0,28.0,40.0,31.0,23.0
s461,-21.0,-22.0,-24.0,-14.0,-9.0,-7.0,-16.0,-6.0,-15.0,12.0,14.0,18.0,18.0,44.0,0.5,-0.1666666667,-12.0,19.0,6.0,19.0,11.0,38.0,35.0,33.0,31.0,27.0,20.0,13.0,9.0,19.0,25.0,37.0,40.0,61.1111111111,-33.3333333333,-25.9259259259,6.1666666667,3.75,28.0,31.0,24.0,23.0,28.0,46.0,27.0,1.0,4.0,6.0,-20.0,29.0,4.0,4.5333333333,39.0,120.0,0.30000000000000004,0.8,0.9,1.0,5.5,4.0,5.0,3.0,6.5,3.5,2.8,3.3333333333,2.1111111111,3.4,27.0,20.0,30.0,29.0,40.0
s462,-19.0,-16.0,-27.0,-13.0,-15.0,-6.0,-9.0,-7.0,-12.0,10.0,12.0,18.0,26.0,35.0,0.1666666667,-0.33333333330000003,-14.0,13.0,13.0,16.0,18.0,30.0,29.0,27.0,32.0,29.0,26.0,17.0,14.0,11.0,18.0,20.0,32.0,22.2222222222,-100.0,-74.0740740741,6.1666666667,4.25,28.0,31.0,23.0,22.0,22.0,55.0,20.0,0.0,0.0,10.0,-19.0,22.0,2.0,4.9333333333,42.0,111.5,0.30000000000000004,0.7000000000000001,0.9,0.8,5.5,5.5,2.5,2.0,5.5,4.0833333333,3.1,4.1111111111,2.7777777778,3.2,13.0,20.0,38.0,27.0,35.0
s467,-10.0,-20.0,-27.0,-7.0,-14.0,-3.0,-11.0,-9.0,-13.0,9.0,8.0,15.0,14.0,54.0,0.0,-0.8333333333,-12.0,15.0,6.0,16.0,6.0,14.0,21.0,29.0,30.0,33.0,28.0,18.0,9.0,6.0,6.0,12.0,13.0,22.2222222222,-33.3333333333,-37.037037037,5.0,4.75,34.0,32.0,35.0,28.0,33.0,45.0,38.0,1.0,3.0,7.0,-17.0,18.0,1.0,5.8666666667000005,47.0,140.0,0.2,0.0,0.2,0.4,6.5,6.0,6.5,2.0,1.5,3.8333333333,2.5,4.0,2.3333333333,2.2666666667,22.0,19.0,24.0,28.0,23.0
s468,-12.0,-20.0,-15.0,-6.0,-9.0,-6.0,-12.0,-8.0,-6.0,15.0,11.0,17.0,14.0,53.0,0.6666666667000001,-0.1666666667,-13.0,17.0,20.0,17.0,8.0,20.0,31.0,31.0,33.0,33.0,25.0,18.0,13.0,9.0,8.0,9.0,26.0,66.6666666667,-0.0,-11.1111111111,4.8333333333,3.5,30.0,32.0,30.0,23.0,32.0,48.0,34.0,1.0,1.0,9.0,-17.0,20.0,3.0,5.4,46.0,138.0,0.7000000000000001,0.30000000000000004,0.8,0.30000000000000004,6.0,6.0,7.0,2.0,6.5,3.5833333333,3.0,4.0,3.0,2.9333333333000002,20.0,13.0,16.0,19.0,18.0
s469,-11.0,-20.0,-25.0,-7.0,-10.0,-4.0,-12.0,-8.0,-15.0,7.0,8.0,18.0,21.0,49.0,0.1666666667,-0.5,-12.0,20.0,17.0,14.0,8.0,21.0,26.0,21.0,30.0,25.0,26.0,20.0,17.0,10.0,12.0,14.0,29.0,38.8888888889,-11.1111111111,-22.2222222222,5.8333333333,3.75,31.0,35.0,35.0,25.0,23.0,43.0,38.0,1.0,2.0,8.0,-17.0,22.0,2.0,4.6666666667,44.0,128.0,0.30000000000000004,0.30000000000000004,0.6000000000000001,0.6000000000000001,5.0,4.5,6.0,3.0,6.0,3.6666666667000003,2.8,4.2222222222,2.8888888889,3.1333333333,23.0,14.0,23.0,17.0,33.0
s471,-13.0,-23.0,-20.0,-10.0,-9.0,-3.0,-16.0,-7.0,-11.0,10.0,13.0,16.0,22.0,34.0,0.0,-0.6666666667000001,-12.0,16.0,20.0,24.0,8.0,16.0,22.0,26.0,26.0,26.0,20.0,15.0,13.0,19.0,14.0,17.0,30.0,44.4444444444,-33.3333333333,-40.7407407407,5.6666666667,4.0,27.0,29.0,31.0,22.0,25.0,47.0,26.0,1.0,6.0,4.0,-18.0,21.0,4.0,4.4,42.0,117.0,0.6000000000000001,1.0,0.7000000000000001,0.5,5.5,6.0,6.5,4.0,6.5,3.5833333333,2.5,3.8888888889,1.5555555556,3.4,21.0,20.0,21.0,26.0,39.0
s473,-14.0,-18.0,-21.0,-8.0,-9.0,-6.0,-11.0,-7.0,-12.0,12.0,8.0,17.0,22.0,50.0,1.0,-0.0,-13.0,13.0,12.0,18.0,9.0,16.0,20.0,23.0,20.0,27.0,24.0,20.0,21.0,19.0,13.0,18.0,24.0,44.4444444444,-22.2222222222,-51.8518518519,5.3333333333,4.75,29.0,25.0,27.0,25.0,27.0,49.0,30.0,1.0,5.0,5.0,-17.0,20.0,2.0,4.6666666667,47.0,122.0,0.0,0.30000000000000004,0.2,0.1,5.5,5.5,6.5,4.0,4.0,3.9166666667000003,3.4,3.7777777778,2.3333333333,3.1333333333,16.0,17.0,22.0,22.0,28.0
s475,-16.0,-20.0,-20.0,-11.0,-9.0,-5.0,-14.0,-6.0,-11.0,15.0,11.0,16.0,20.0,39.0,0.0,-0.8333333333,-13.0,13.0,23.0,24.0,17.0,17.0,18.0,19.0,21.0,21.0,22.0,21.0,18.0,24.0,29.0,21.0,20.0,33.3333333333,-88.8888888889,-81.4814814815,5.0,5.5,20.0,26.0,27.0,21.0,29.0,58.0,24.0,0.0,1.0,9.0,-17.0,24.0,2.0,2.5333333333,46.0,102.0,0.2,0.4,0.5555555556,0.8,6.0,5.0,5.5,4.0,5.5,3.5833333333,3.3,4.1111111111,2.5555555556,3.6,11.0,18.0,32.0,49.0,42.0
s477,-23.0,-24.0,-34.0,-16.0,-19.0,-7.0,-11.0,-13.0,-15.0,9.0,11.0,16.0,27.0,27.0,0.33333333330000003,-0.5,-16.0,11.0,16.0,11.0,8.0,10.0,24.0,35.0,36.0,35.0,32.0,27.0,19.0,12.0,28.0,20.0,38.0,5.5555555556,-22.2222222222,-33.3333333333,1.8333333333000001,5.75,16.0,8.0,15.0,11.0,27.0,31.0,23.0,1.0,4.0,6.0,-21.0,19.0,3.0,2.4,38.0,60.0,0.4,0.7000000000000001,0.6000000000000001,0.4,4.0,4.0,1.5,1.0,2.5,3.75,4.9,3.1111111111,3.7777777778,3.2666666667,21.0,23.0,42.0,34.0,27.0
s481,-16.0,-21.0,-28.0,-10.0,-14.0,-6.0,-11.0,-10.0,-14.0,8.0,8.0,16.0,26.0,33.0,0.6666666667000001,-0.1666666667,-15.0,11.0,22.0,32.0,9.0,20.0,25.0,24.0,28.0,30.0,28.0,18.0,28.0,11.0,22.0,23.0,28.0,38.8888888889,-88.8888888889,-51.8518518519,2.8333333333,4.5,25.0,19.0,29.0,17.0,20.0,38.0,20.0,1.0,5.0,5.0,-21.0,18.0,3.0,3.4,44.0,81.0,0.6000000000000001,0.6000000000000001,0.6000000000000001,0.4,3.0,5.0,2.0,2.0,4.0,2.6666666667000003,3.6,2.5555555556,2.7777777778,2.4666666667,18.0,31.0,35.0,22.0,25.0
s483,-12.0,-15.0,-22.0,-6.0,-13.0,-6.0,-7.0,-8.0,-9.0,4.0,6.0,10.0,28.0,51.0,0.1666666667,-0.33333333330000003,-12.0,11.0,10.0,23.0,6.0,7.0,14.0,30.0,42.0,30.0,15.0,10.0,8.0,6.0,9.0,9.0,20.0,72.2222222222,-22.2222222222,-11.1111111111,5.0,4.75,35.0,29.0,39.0,22.0,33.0,27.0,32.0,1.0,6.0,4.0,-16.0,16.0,4.0,5.4,46.0,129.0,0.0,0.1,0.5,0.0,6.0,6.5,1.5,1.0,2.0,3.8333333333,4.2,3.2222222222,3.1111111111,2.0,13.0,21.0,14.0,14.0,13.0
s484,-26.0,-41.0,-20.0,-14.0,-11.0,-12.0,-28.0,-13.0,-9.0,11.0,5.0,16.0,26.0,56.0,0.0,-0.33333333330000003,-12.0,12.0,9.0,14.0,7.0,8.0,18.0,37.0,30.0,38.0,39.0,24.0,7.0,14.0,7.0,7.0,23.0,50.0,-33.3333333333,-29.6296296296,5.0,2.75,32.0,32.0,25.0,22.0,29.0,40.0,29.0,1.0,4.0,6.0,-16.0,17.0,4.0,4.8666666667000005,45.0,142.0,0.1,0.1,0.2,0.1,6.5,6.5,6.0,4.0,5.5,4.5833333333,3.1,3.8888888889,2.0,2.6,38.0,28.0,16.0,14.0,14.0
s488,-22.0,-21.0,-31.0,-12.0,-15.0,-10.0,-14.0,-7.0,-16.0,11.0,11.0,16.0,18.0,30.0,0.1666666667,-0.6666666667000001,-17.0,13.0,11.0,13.0,14.0,13.0,18.0,24.0,28.0,29.0,29.0,23.0,17.0,19.0,23.0,18.0,22.0,55.5555555556,-44.4444444444,-51.8518518519,3.1666666667,3.0,28.0,24.0,24.0,18.0,19.0,50.0,26.0,1.0,4.0,6.0,-21.0,23.0,1.0,4.0666666667,43.0,97.0,0.4,0.6000000000000001,0.5,0.5,2.5,3.5,3.0,2.5,5.0,3.1666666667,3.5,3.3333333333,2.7777777778,3.1333333333,23.0,17.0,37.0,35.0,32.0
s489,-21.0,-22.0,-24.0,-12.0,-13.0,-9.0,-15.0,-7.0,-11.0,15.0,12.0,19.0,28.0,55.0,0.5,-0.33333333330000003,-12.0,11.0,10.0,13.0,6.0,12.0,23.0,35.0,36.0,42.0,40.0,25.0,9.0,7.0,6.0,6.0,15.0,94.4444444444,-22.2222222222,-62.962962963,5.1666666667,1.75,33.0,31.0,23.0,17.0,35.0,44.0,24.0,1.0,1.0,9.0,-19.0,19.0,3.0,4.6,46.0,123.0,0.30000000000000004,0.5,0.30000000000000004,0.30000000000000004,6.5,6.0,2.5,2.0,5.5,4.6666666667,4.5,2.7777777778,2.5555555556,3.3333333333,12.0,17.0,26.0,16.0,24.0
s490,-17.0,-22.0,-25.0,-11.0,-16.0,-6.0,-14.0,-8.0,-9.0,12.0,11.0,20.0,26.0,57.0,0.6666666667000001,-0.0,-13.0,14.0,13.0,15.0,9.0,24.0,25.0,23.0,21.0,30.0,17.0,15.0,14.0,6.0,22.0,27.0,30.0,88.8888888889,-88.8888888889,-59.2592592593,6.5,3.75,38.0,40.0,27.0,32.0,34.0,48.0,28.0,1.0,2.0,8.0,-18.0,19.0,3.0,5.4666666667,47.0,137.0,0.1,0.2,0.5,0.30000000000000004,7.0,7.0,4.0,3.5,4.0,4.8333333333,2.0,2.4444444444,1.8888888889,2.5333333333,11.0,10.0,21.0,16.0,26.0
s491,-8.0,-16.0,-23.0,-5.0,-10.0,-3.0,-10.0,-6.0,-13.0,10.0,6.0,14.0,26.0,35.0,0.33333333330000003,-0.33333333330000003,-13.0,21.0,6.0,6.0,6.0,6.0,18.0,30.0,37.0,42.0,37.0,17.0,8.0,16.0,6.0,6.0,22.0,55.5555555556,-33.3333333333,-62.962962963,6.0,4.75,40.0,29.0,40.0,16.0,17.0,42.0,34.0,0.0,0.0,10.0,-18.0,18.0,4.0,4.1333333333,45.0,123.0,0.1,0.4,0.5,0.1,7.0,5.0,4.5,5.5,7.0,4.6666666667,4.3,4.0,3.5555555556,3.6,14.0,13.0,27.0,16.0,23.0
s492,-13.0,-15.0,-24.0,-10.0,-11.0,-3.0,-9.0,-6.0,-13.0,9.0,12.0,20.0,20.0,57.0,0.5,-0.1666666667,-12.0,16.0,14.0,7.0,8.0,15.0,22.0,28.0,33.0,21.0,29.0,11.0,15.0,8.0,25.0,20.0,26.0,44.4444444444,-66.6666666667,-33.3333333333,4.1666666667,3.25,37.0,34.0,33.0,27.0,31.0,51.0,38.0,1.0,5.0,5.0,-19.0,22.0,2.0,4.6,44.0,132.0,0.8,0.5,0.4,0.4,4.5,4.0,4.0,5.5,6.5,3.8333333333,4.0,3.6666666667000003,2.6666666667000003,3.2,17.0,13.0,25.0,17.0,31.0
s500,-15.0,-21.0,-20.0,-9.0,-9.0,-6.0,-14.0,-7.0,-11.0,10.0,12.0,15.0,22.0,40.0,0.6666666667000001,-0.1666666667,-14.0,17.0,8.0,22.0,7.0,18.0,23.0,28.0,18.0,33.0,28.0,20.0,12.0,28.0,13.0,18.0,30.0,44.4444444444,-22.2222222222,-29.6296296296,3.3333333333,3.0,30.0,26.0,25.0,24.0,28.0,37.0,23.0,1.0,3.0,7.0,-19.0,24.0,4.0,3.9333333333000002,43.0,103.5,0.5,0.4,0.5,0.8,3.5,6.0,6.0,4.0,6.0,3.5,3.1,4.1111111111,2.0,3.0,20.0,19.0,30.0,25.0,38.0
s501,-17.0,-23.0,-21.0,-9.0,-9.0,-8.0,-16.0,-7.0,-12.0,14.0,14.0,20.0,27.0,50.0,0.33333333330000003,-0.6666666667000001,-12.0,13.0,13.0,18.0,8.0,13.0,30.0,28.0,33.0,33.0,29.0,12.0,14.0,9.0,13.0,12.0,26.0,27.7777777778,-66.6666666667,-55.5555555556,6.6666666667,1.75,35.0,35.0,32.0,25.0,24.0,52.0,29.0,0.0,0.0,10.0,-21.0,20.0,3.0,4.7333333333,47.0,122.0,0.1,0.7000000000000001,0.5,0.2,7.0,6.5,7.0,5.5,6.5,4.1666666667,2.4,4.6666666667,3.1111111111,3.4,12.0,15.0,35.0,37.0,23.0
s502,-10.0,-22.0,-29.0,-7.0,-13.0,-3.0,-14.0,-8.0,-16.0,14.0,15.0,20.0,22.0,33.0,0.33333333330000003,-0.5,-16.0,14.0,9.0,9.0,9.0,15.0,26.0,25.0,40.0,25.0,24.0,17.0,15.0,10.0,18.0,19.0,30.0,16.6666666667,-0.0,-59.2592592593,4.6666666667,4.0,28.0,20.0,37.0,22.0,17.0,54.0,23.0,1.0,5.0,5.0,-26.0,23.0,1.0,4.2,40.0,95.0,0.5,0.9,0.7000000000000001,0.8,6.0,4.0,5.0,5.0,5.5,3.25,3.2,3.0,3.5555555556,4.1333333333,23.0,23.0,29.0,42.0,32.0
s503,-17.0,-15.0,-17.0,-10.0,-6.0,-7.0,-10.0,-5.0,-11.0,12.0,11.0,18.0,25.0,55.0,0.6666666667000001,-0.33333333330000003,-12.0,13.0,7.0,13.0,7.0,16.0,23.0,35.0,24.0,36.0,29.0,18.0,8.0,10.0,8.0,10.0,27.0,11.1111111111,-22.2222222222,-11.1111111111,6.0,3.25,35.0,29.0,32.0,23.0,31.0,48.0,31.0,1.0,4.0,6.0,-18.0,24.0,3.0,5.2666666667,47.0,144.0,0.0,0.7000000000000001,0.5,0.6000000000000001,6.5,6.0,3.5,3.5,6.5,4.0,2.6,3.0,1.2222222222,2.7333333333,14.0,14.0,23.0,21.0,29.0
s504,-13.0,-22.0,-20.0,-7.0,-8.0,-6.0,-15.0,-7.0,-12.0,11.0,11.0,15.0,19.0,42.0,1.0,-0.0,-12.0,20.0,7.0,16.0,7.0,9.0,22.0,35.0,33.0,34.0,36.0,26.0,7.0,17.0,12.0,9.0,22.0,27.7777777778,-22.2222222222,-33.3333333333,5.1666666667,3.75,34.0,24.0,29.0,25.0,19.0,45.0,31.0,1.0,4.0,6.0,-17.0,17.0,5.0,5.0666666667,45.0,126.0,0.1,0.1,0.5,0.0,4.5,6.5,7.0,2.0,4.0,3.9166666667000003,2.8,3.8888888889,2.2222222222,2.8,22.0,14.0,25.0,28.0,24.0
s505,-20.0,-26.0,-30.0,-10.0,-15.0,-10.0,-18.0,-8.0,-15.0,11.0,11.0,17.0,27.0,27.0,0.33333333330000003,-0.6666666667000001,-15.0,11.0,12.0,13.0,6.0,9.0,18.0,27.0,24.0,31.0,28.0,22.0,19.0,24.0,17.0,10.0,27.0,44.4444444444,-55.5555555556,-66.6666666667,4.8333333333,5.0,14.0,13.0,20.0,25.0,33.0,56.0,17.0,1.0,7.0,3.0,-22.0,17.0,2.0,3.5333333333,39.0,83.0,0.2,0.4,0.4,0.30000000000000004,5.0,4.5,4.0,2.0,4.5,3.0833333333,4.2,4.1111111111,3.6666666667000003,3.6,16.0,30.0,36.0,43.0,19.0
s506,-14.0,-18.0,-19.0,-9.0,-12.0,-5.0,-11.0,-7.0,-7.0,13.0,10.0,20.0,19.0,40.0,0.5,-0.5,-13.0,11.0,15.0,18.0,12.0,15.0,21.0,31.0,37.0,30.0,25.0,20.0,15.0,6.0,16.0,14.0,19.0,72.2222222222,-66.6666666667,-59.2592592593,5.3333333333,5.5,27.0,25.0,22.0,17.0,24.0,48.0,29.0,1.0,1.0,9.0,-16.0,22.0,4.0,4.8,47.0,131.0,0.0,0.7000000000000001,0.6000000000000001,0.4,6.0,7.0,5.5,3.0,3.0,3.9166666667000003,3.7,4.3333333333,2.0,2.8,16.0,15.0,28.0,31.0,39.0
s507,-15.0,-20.0,-28.0,-10.0,-15.0,-5.0,-11.0,-9.0,-13.0,9.0,9.0,16.0,25.0,37.0,0.1666666667,-0.1666666667,-14.0,13.0,15.0,13.0,7.0,17.0,21.0,30.0,26.0,34.0,24.0,13.0,12.0,10.0,9.0,13.0,28.0,38.8888888889,-88.8888888889,-51.8518518519,4.5,3.5,22.0,20.0,30.0,20.0,19.0,40.0,19.0,1.0,1.0,9.0,-16.0,18.0,3.0,3.5333333333,47.0,108.0,0.4,0.2,0.4,0.1,4.0,5.5,4.5,1.0,3.5,3.6666666667000003,3.3,3.7777777778,2.0,2.3333333333,17.0,24.0,30.0,20.0,23.0
s508,-15.0,-19.0,-15.0,-8.0,-8.0,-7.0,-14.0,-5.0,-7.0,16.0,15.0,18.0,16.0,51.0,0.33333333330000003,-0.33333333330000003,-13.0,16.0,24.0,20.0,9.0,35.0,32.0,30.0,37.0,34.0,35.0,22.0,21.0,20.0,27.0,25.0,37.0,0.0,-0.0,-11.1111111111,5.5,1.0,29.0,40.0,25.0,21.0,36.0,39.0,38.0,1.0,3.0,7.0,-18.0,26.0,2.0,3.4666666667,44.0,145.0,0.7000000000000001,0.5,0.6000000000000001,0.8,4.0,7.0,1.5,5.0,6.5,4.75,3.8,4.3333333333,2.7777777778,3.6666666667000003,16.0,10.0,38.0,41.0,44.0
s509,-20.0,-16.0,-21.0,-11.0,-10.0,-9.0,-10.0,-6.0,-11.0,12.0,12.0,20.0,25.0,48.0,0.5,-0.33333333330000003,-12.0,11.0,6.0,15.0,6.0,9.0,27.0,36.0,34.0,42.0,39.0,20.0,12.0,12.0,16.0,9.0,33.0,33.3333333333,-66.6666666667,-66.6666666667,4.6666666667,4.25,24.0,16.0,24.0,20.0,18.0,51.0,27.0,1.0,1.0,9.0,-20.0,19.0,2.0,3.0,45.0,106.0,0.30000000000000004,0.6000000000000001,0.8,0.4,5.5,6.0,4.5,3.0,5.5,3.9166666667000003,3.0,3.8888888889,2.5555555556,3.2,18.0,18.0,22.0,18.0,20.0
s510,-13.0,-21.0,-18.0,-6.0,-9.0,-7.0,-14.0,-7.0,-9.0,8.0,12.0,18.0,21.0,37.0,0.1666666667,-0.6666666667000001,-16.0,17.0,10.0,6.0,9.0,32.0,29.0,26.0,36.0,32.0,28.0,18.0,13.0,7.0,31.0,15.0,38.0,77.7777777778,-44.4444444444,-37.037037037,4.8333333333,1.75,29.0,39.0,20.0,21.0,27.0,41.0,22.0,1.0,4.0,6.0,-24.0,25.0,5.0,4.2,38.0,121.0,0.2,0.9,0.8,0.5,5.0,4.0,3.0,7.0,7.0,3.9166666667000003,3.4,3.6666666667000003,2.3333333333,3.5333333333,23.0,21.0,31.0,27.0,31.0
s511,-16.0,-20.0,-21.0,-10.0,-9.0,-6.0,-12.0,-8.0,-12.0,11.0,9.0,15.0,20.0,38.0,0.1666666667,-0.6666666667000001,-12.0,13.0,9.0,16.0,12.0,9.0,33.0,32.0,34.0,29.0,29.0,15.0,13.0,10.0,18.0,14.0,35.0,0.0,-22.2222222222,-25.9259259259,4.3333333333,5.75,29.0,17.0,21.0,20.0,24.0,50.0,24.0,1.0,3.0,7.0,-19.0,23.0,3.0,3.9333333333000002,44.0,110.5,0.1,0.30000000000000004,0.6000000000000001,0.5,5.0,5.0,4.0,2.0,5.0,4.0,4.2,2.4444444444,2.0,2.7333333333,21.0,20.0,31.0,34.0,29.0
